Name;Smiles;receptor;UniprotID
ISOEUGENOL;C/C=C/C1=CC(=C(C=C1)O)OC;OR10D3;Q8NH80
ACETOPHENONE;CC(=O)C1=CC=CC=C1;Olfr1009;Q8VFK1
COUMARIN;C1=CC=C2C(=C1)C=CC(=O)O2;Olfr1016;Q7TR93
AXE;C[C@H](C1=CC=CC2=CC=CC=C21)NC3=NC=NC4=CC(=C(C=C43)OC)OC;Olfr1019;Q8VGS3
LIMONENE;CC1=CCC(CC1)C(=C)C;Olfr1019;Q8VGS3
METHYLTHIOMETHYLMERCAPTAN;CSCS;Olfr1019;Q8VGS3
PRENYL ACETATE;CC(=CCOC(=O)C)C;Olfr1019;Q8VGS3
ETHYL MALTOL;CCC1=C(C(=O)C=CO1)O;Olfr1032;Q8VGR9
ACETOPHENONE;CC(=O)C1=CC=CC=C1;Olfr1044;Q8VGR9
ACETOPHENONE;CC(=O)C1=CC=CC=C1;Olfr1047;Q8VGS0
ACETOPHENONE;CC(=O)C1=CC=CC=C1;Olfr1054;Q8VGS7
4-CHROMANONE;C1COC2=CC=CC=C2C1=O;Olfr1057;Q7TR75
ACETOPHENONE;CC(=O)C1=CC=CC=C1;Olfr1057;Q7TR75
COUMARIN;C1=CC=C2C(=C1)C=CC(=O)O2;Olfr1057;Q7TR75
4-CHROMANONE;C1COC2=CC=CC=C2C1=O;Olfr1062;Q7TR71
ACETOPHENONE;CC(=O)C1=CC=CC=C1;Olfr1062;Q7TR71
(+)-CAMPHOR;C[C@@]12CC[C@@H](C1(C)C)CC2=O;Olfr1062;Q7TR71
COUMARIN;C1=CC=C2C(=C1)C=CC(=O)O2;Olfr1062;Q7TR71
CYCLOHEXANONE;C1CCC(=O)CC1;Olfr1062;Q7TR71
EUGENOL;COC1=C(C=CC(=C1)CC=C)O;Olfr1062;Q7TR71
GAMMA-CAPROLACTONE;CCC1CCC(=O)O1;Olfr1062;Q7TR71
EUGENOL METHYL ETHER;COC1=C(C=C(C=C1)CC=C)OC;Olfr1072;""""""
4-CHROMANONE;C1COC2=CC=CC=C2C1=O;Olfr1079;Q8VF52
ACETOPHENONE;CC(=O)C1=CC=CC=C1;Olfr1079;Q8VF52
BENZYL BENZOATE;C1=CC=C(C=C1)COC(=O)C2=CC=CC=C2;Olfr1079;Q8VF52
BETA-DAMASCONE;C/C=C/C(=O)C1=C(CCCC1(C)C)C;Olfr1079;Q8VF52
BETA-IONONE;CC1=C(C(CCC1)(C)C)/C=C/C(=O)C;Olfr1079;Q8VF52
(-)-CAMPHOR;C[C@]12CC[C@H](C1(C)C)CC2=O;Olfr1079;Q8VF52
(+)-CAMPHOR;C[C@@]12CC[C@@H](C1(C)C)CC2=O;Olfr1079;Q8VF52
(-)-CARVONE;CC1=CC[C@H](CC1=O)C(=C)C;Olfr1079;Q8VF52
(+)-CARVONE;CC1=CC[C@@H](CC1=O)C(=C)C;Olfr1079;Q8VF52
CEDRYL ACETATE;C[C@@H]1CC[C@@H]2[C@]13CC[C@@]([C@H](C3)C2(C)C)(C)OC(=O)C;Olfr1079;Q8VF52
COUMARIN;C1=CC=C2C(=C1)C=CC(=O)O2;Olfr1079;Q8VF52
(+)-DIHYDROCARVONE;C[C@@H]1CC[C@H](CC1=O)C(=C)C;Olfr1079;Q8VF52
DIHYDROJASMONE;CCCCCC1=C(CCC1=O)C;Olfr1079;Q8VF52
EUGENOL;COC1=C(C=CC(=C1)CC=C)O;Olfr1079;Q8VF52
(-)-Fenchone;C[C@@]12CC[C@@H](C1)C(C2=O)(C)C;Olfr1079;Q8VF52
(+)-FENCHONE;C[C@]12CC[C@H](C1)C(C2=O)(C)C;Olfr1079;Q8VF52
QUINOLINE;C1=CC=C2C(=C1)C=CC=N2;Olfr1079;Q8VF52
ACETOPHENONE;CC(=O)C1=CC=CC=C1;Olfr109;Q8VG96
(+)-CARVONE;CC1=CC[C@@H](CC1=O)C(=C)C;Olfr109;Q8VG96
COUMARIN;C1=CC=C2C(=C1)C=CC(=O)O2;Olfr109;Q8VG96
PHENYLACETATE;C1=CC=C(C=C1)CC(=O)[O-];Olfr109;Q8VG96
PRENYL ACETATE;CC(=CCOC(=O)C)C;Olfr109;Q8VG96
ACETOPHENONE;CC(=O)C1=CC=CC=C1;Olfr1093;Q8VF14
ACETOPHENONE;CC(=O)C1=CC=CC=C1;Olfr1094;Q8VF13
4-CHROMANONE;C1COC2=CC=CC=C2C1=O;Olfr1097;Q8VGA2
ACETOPHENONE;CC(=O)C1=CC=CC=C1;Olfr1097;Q8VGA2
COUMARIN;C1=CC=C2C(=C1)C=CC(=O)O2;Olfr1097;Q8VGA2
ACETOPHENONE;CC(=O)C1=CC=CC=C1;Olfr110;Q7TRK2
4-CHROMANONE;C1COC2=CC=CC=C2C1=O;Olfr1104;Q8VG36
ACETOPHENONE;CC(=O)C1=CC=CC=C1;Olfr1104;Q8VG36
COUMARIN;C1=CC=C2C(=C1)C=CC(=O)O2;Olfr1104;Q8VG36
EUGENOL;COC1=C(C=CC(=C1)CC=C)O;Olfr1104;Q8VG36
ACETOPHENONE;CC(=O)C1=CC=CC=C1;Olfr1126;Q7TR49
ACETOPHENONE;CC(=O)C1=CC=CC=C1;Olfr1156;Q8VG81
(-)-CARVONE;CC1=CC[C@H](CC1=O)C(=C)C;Olfr1156;Q8VG81
ACETOPHENONE;CC(=O)C1=CC=CC=C1;Olfr1170;Q8VFG1
2,4-OCTADIENAL;CCC/C=C/C=C/C=O;Olfr120;Q8VFQ2
2-BROMOHEXANOIC ACID;CCCCC(C(=O)O)Br;Olfr1234;Q8VGN1
BROMOHEXANOIC ACID;C(CCC(=O)O)CCBr;Olfr1234;Q8VGN1
EUGENOL;COC1=C(C=CC(=C1)CC=C)O;Olfr1234;Q8VGN1
HEPTANAL;CCCCCCC=O;Olfr1234;Q8VGN1
HEXANOIC ACID;CCCCCC(=O)O;Olfr1234;Q8VGN1
NONANAL;CCCCCCCCC=O;Olfr1234;Q8VGN1
NONANOIC ACID;CCCCCCCCC(=O)O;Olfr1234;Q8VGN1
OCTANAL;CCCCCCCC=O;Olfr1234;Q8VGN1
ACETOPHENONE;CC(=O)C1=CC=CC=C1;Olfr1238;Q8VG59
ACETOPHENONE;CC(=O)C1=CC=CC=C1;Olfr124;Q8VGW6
AMYL ACETATE;CCCCCOC(=O)C;Olfr124;Q8VGW6
(+)-CAMPHOR;C[C@@]12CC[C@@H](C1(C)C)CC2=O;Olfr124;Q8VGW6
(-)-CARVONE;CC1=CC[C@H](CC1=O)C(=C)C;Olfr124;Q8VGW6
COUMARIN;C1=CC=C2C(=C1)C=CC(=O)O2;Olfr124;Q8VGW6
HEPTANAL;CCCCCCC=O;Olfr124;Q8VGW6
HEPTANOIC ACID;CCCCCCC(=O)O;Olfr124;Q8VGW6
HEXANAL;CCCCCC=O;Olfr124;Q8VGW6
HEXANOIC ACID;CCCCCC(=O)O;Olfr124;Q8VGW6
OCTANAL;CCCCCCCC=O;Olfr124;Q8VGW6
OCTANOIC ACID;CCCCCCCC(=O)O;Olfr124;Q8VGW6
2-BUTANONE;CCC(=O)C;Olfr1258;Q8VGN6
ALLYL PHENYLACETATE;C=CCOC(=O)CC1=CC=CC=C1;Olfr1264;Q9R0K2
GERANIOL;CC(=CCCC(=CCO)C)C;Olfr1264;Q9R0K2
(-)-CAMPHOR;C[C@]12CC[C@H](C1(C)C)CC2=O;Olfr1324;Q8VEU7
(+)-CAMPHOR;C[C@@]12CC[C@@H](C1(C)C)CC2=O;Olfr1324;Q8VEU7
CEDRYL ACETATE;C[C@@H]1CC[C@@H]2[C@]13CC[C@@]([C@H](C3)C2(C)C)(C)OC(=O)C;Olfr1325;Q8VF43
2-COUMARANONE;C1C2=CC=CC=C2OC1=O;Olfr1328;Q3KP08
BENZOPHENONE;C1=CC=C(C=C1)C(=O)C2=CC=CC=C2;Olfr1328;Q3KP08
COUMARIN;C1=CC=C2C(=C1)C=CC(=O)O2;Olfr1328;Q3KP08
ACETOPHENONE;CC(=O)C1=CC=CC=C1;Olfr133;Q8VG94
ACETOPHENONE;CC(=O)C1=CC=CC=C1;Olfr1333;Q7TQV7
2-COUMARANONE;C1C2=CC=CC=C2OC1=O;Olfr1341;Q7TQV4
ACETOPHENONE;CC(=O)C1=CC=CC=C1;Olfr1341;Q7TQV4
COUMARIN;C1=CC=C2C(=C1)C=CC(=O)O2;Olfr1341;Q7TQV4
CYCLOHEXANONE;C1CCC(=O)CC1;Olfr1341;Q7TQV4
GAMMA-CAPROLACTONE;CCC1CCC(=O)O1;Olfr1341;Q7TQV4
PRENYL ACETATE;CC(=CCOC(=O)C)C;Olfr1341;Q7TQV4
(-)-CARVONE;CC1=CC[C@H](CC1=O)C(=C)C;Olfr1344;Q7TQV3
(+)-CARVONE;CC1=CC[C@@H](CC1=O)C(=C)C;Olfr1344;Q7TQV3
(-)-CITRONELLAL;C[C@@H](CCC=C(C)C)CC=O;Olfr1344;Q7TQV3
DECANOIC ACID;CCCCCCCCCC(=O)O;Olfr1344;Q7TQV3
EUGENOL;COC1=C(C=CC(=C1)CC=C)O;Olfr1344;Q7TQV3
HEXANAL;CCCCCC=O;Olfr1344;Q7TQV3
PROPIONIC ACID;CCC(=O)O;Olfr1344;Q7TQV3
2-COUMARANONE;C1C2=CC=CC=C2OC1=O;Olfr1352;Q8VGX5
2-SEC-BUTYL-3-METHOXYPYRAZINE;CCC(C)C1=NC=CN=C1OC;Olfr1352;Q8VGX5
4-CHROMANONE;C1COC2=CC=CC=C2C1=O;Olfr1352;Q8VGX5
ACETOPHENONE;CC(=O)C1=CC=CC=C1;Olfr1352;Q8VGX5
ALLYL PHENYLACETATE;C=CCOC(=O)CC1=CC=CC=C1;Olfr1352;Q8VGX5
BENZYL ACETATE;CC(=O)OCC1=CC=CC=C1;Olfr1352;Q8VGX5
BETA-IONONE;CC1=C(C(CCC1)(C)C)/C=C/C(=O)C;Olfr1352;Q8VGX5
BUTYRALDEHYDE;CCCC=O;Olfr1352;Q8VGX5
(-)-CAMPHOR;C[C@]12CC[C@H](C1(C)C)CC2=O;Olfr1352;Q8VGX5
(+)-CAMPHOR;C[C@@]12CC[C@@H](C1(C)C)CC2=O;Olfr1352;Q8VGX5
(-)-CARVONE;CC1=CC[C@H](CC1=O)C(=C)C;Olfr1352;Q8VGX5
(+)-CARVONE;CC1=CC[C@@H](CC1=O)C(=C)C;Olfr1352;Q8VGX5
COUMARIN;C1=CC=C2C(=C1)C=CC(=O)O2;Olfr1352;Q8VGX5
CYCLOHEXANONE;C1CCC(=O)CC1;Olfr1352;Q8VGX5
(-)-DIHYDROCARVEOL;C[C@@H]1CC[C@H](C[C@H]1O)C(=C)C;Olfr1352;Q8VGX5
(+)-DIHYDROCARVONE;C[C@@H]1CC[C@H](CC1=O)C(=C)C;Olfr1352;Q8VGX5
DIHYDROJASMONE;CCCCCC1=C(CCC1=O)C;Olfr1352;Q8VGX5
DIMETHYL ANTHRANILATE;CNC1=CC=CC=C1C(=O)OC;Olfr1352;Q8VGX5
EUGENOL;COC1=C(C=CC(=C1)CC=C)O;Olfr1352;Q8VGX5
EUGENOL METHYL ETHER;COC1=C(C=C(C=C1)CC=C)OC;Olfr1352;Q8VGX5
(-)-Fenchone;C[C@@]12CC[C@@H](C1)C(C2=O)(C)C;Olfr1352;Q8VGX5
(+)-FENCHONE;C[C@]12CC[C@H](C1)C(C2=O)(C)C;Olfr1352;Q8VGX5
GERANIOL;CC(=CCCC(=CCO)C)C;Olfr1352;Q8VGX5
HELIONAL;CC(CC1=CC2=C(C=C1)OCO2)C=O;Olfr1352;Q8VGX5
NERYL ISOBUTYRATE;CC(C)C(=O)OC/C=C(/C)\CCC=C(C)C;Olfr1352;Q8VGX5
PHENYLACETATE;C1=CC=C(C=C1)CC(=O)[O-];Olfr1352;Q8VGX5
PRENYL ACETATE;CC(=CCOC(=O)C)C;Olfr1352;Q8VGX5
PULEGONE;C[C@@H]1CCC(=C(C)C)C(=O)C1;Olfr1352;Q8VGX5
QUINOLINE;C1=CC=C2C(=C1)C=CC=N2;Olfr1352;Q8VGX5
BIS(2-METHYL-3-FURYL)DISULFIDE;CC1=C(C=CO1)SSC2=C(OC=C2)C;Olfr1356;Q7TQU8
(-)-CARVONE;CC1=CC[C@H](CC1=O)C(=C)C;Olfr1356;Q7TQU8
CEDRYL ACETATE;C[C@@H]1CC[C@@H]2[C@]13CC[C@@]([C@H](C3)C2(C)C)(C)OC(=O)C;Olfr1356;Q7TQU8
ACETOPHENONE;CC(=O)C1=CC=CC=C1;Olfr136;Q8VG72
ACETOPHENONE;CC(=O)C1=CC=CC=C1;Olfr1370;Q8VFG4
4-CHROMANONE;C1COC2=CC=CC=C2C1=O;Olfr1377;Q8VGH1
ACETOPHENONE;CC(=O)C1=CC=CC=C1;Olfr1377;Q8VGH1
(+)-CARVONE;CC1=CC[C@@H](CC1=O)C(=C)C;Olfr1377;Q8VGH1
COUMARIN;C1=CC=C2C(=C1)C=CC(=O)O2;Olfr1377;Q8VGH1
4,4-DIMETHYLCYCLOHEXANONE;CC1(CCC(=O)CC1)C;Olfr1393;Q8VFA7
4-TERT-BUTYLCYCLOHEXANONE;CC(C)(C)C1CCC(=O)CC1;Olfr1393;Q8VFA7
CYCLOHEPTANOL;C1CCCC(CC1)O;Olfr1393;Q8VFA7
CYCLOHEPTANONE;C1CCCC(=O)CC1;Olfr1393;Q8VFA7
CYCLOHEXANONE;C1CCC(=O)CC1;Olfr1393;Q8VFA7
CYCLOHEXANONE;C1CCC(=O)CC1;Olfr1393;Q8VFA7
NOPINONE;CC1(C2CCC(=O)C1C2)C;Olfr1393;Q8VFA7
NORCAMPHOR;C1CC2CC1CC2=O;Olfr1393;Q8VFA7
4-CHROMANONE;C1COC2=CC=CC=C2C1=O;Olfr1395;Q8VGD7
(-)-CAMPHOR;C[C@]12CC[C@H](C1(C)C)CC2=O;Olfr1395;Q8VGD7
(+)-CAMPHOR;C[C@@]12CC[C@@H](C1(C)C)CC2=O;Olfr1395;Q8VGD7
CYCLOHEXANONE;C1CCC(=O)CC1;Olfr1395;Q8VGD7
CEDRYL ACETATE;C[C@@H]1CC[C@@H]2[C@]13CC[C@@]([C@H](C3)C2(C)C)(C)OC(=O)C;Olfr1413;Q8VGU3
ACETOPHENONE;CC(=O)C1=CC=CC=C1;Olfr143;P34985
(-)-MUSCONE;C[C@@H]1CCCCCCCCCCCCC(=O)C1;Olfr1440;Q8VFV4
MUSCONE;CC1CCCCCCCCCCCCC(=O)C1;Olfr1440;Q8VFV4
ACETOPHENONE;CC(=O)C1=CC=CC=C1;Olfr1443;Q8VFW8
ACETOPHENONE;CC(=O)C1=CC=CC=C1;Olfr1444;Q8VFX2
ACETOPHENONE;CC(=O)C1=CC=CC=C1;Olfr1448;Q8VFX1
ACETOPHENONE;CC(=O)C1=CC=CC=C1;Olfr145;Q60882
ACETOPHENONE;CC(=O)C1=CC=CC=C1;Olfr1463;Q7TQR3
ACETOPHENONE;CC(=O)C1=CC=CC=C1;Olfr1469;Q8VFW5
(-)-CARVONE;CC1=CC[C@H](CC1=O)C(=C)C;Olfr147;Q60886
COUMARIN;C1=CC=C2C(=C1)C=CC(=O)O2;Olfr147;Q60886
ACETOPHENONE;CC(=O)C1=CC=CC=C1;Olfr1484;Q8VEU6
(-)-CARVONE;CC1=CC[C@H](CC1=O)C(=C)C;Olfr1487;Q8VFQ6
2,3-HEXANEDIONE;CCCC(=O)C(=O)C;Olfr15;P23275
2,4-DINITROTOLUENE;CC1=C(C=C(C=C1)[N+](=O)[O-])[N+](=O)[O-];Olfr15;P23275
2-COUMARANONE;C1C2=CC=CC=C2OC1=O;Olfr15;P23275
2-HEPTANONE;CCCCCC(=O)C;Olfr15;P23275
3,4-HEXANEDIONE;CCC(=O)C(=O)CC;Olfr15;P23275
3-NITROTOLUENE;CC1=CC(=CC=C1)[N+](=O)[O-];Olfr15;P23275
ACETOPHENONE;CC(=O)C1=CC=CC=C1;Olfr15;P23275
ALLYL BENZENE;C=CCC1=CC=CC=C1;Olfr15;P23275
ALLYL PHENYLACETATE;C=CCOC(=O)CC1=CC=CC=C1;Olfr15;P23275
AMYL HEXANOATE;CCCCCC(=O)OCCCCC;Olfr15;P23275
BENZALDEHYDE;C1=CC=C(C=C1)C=O;Olfr15;P23275
COUMARIN;C1=CC=C2C(=C1)C=CC(=O)O2;Olfr15;P23275
CYCLOHEXANONE;C1CCC(=O)CC1;Olfr15;P23275
DECANOIC ACID;CCCCCCCCCC(=O)O;Olfr15;P23275
HEPTANAL;CCCCCCC=O;Olfr15;P23275
LYRAL;CC(C)(CCCC1=CCC(CC1)C=O)O;Olfr15;P23275
METHYLTHIOMETHYLMERCAPTAN;CSCS;Olfr15;P23275
NONANOIC ACID;CCCCCCCCC(=O)O;Olfr15;P23275
OCTANETHIOL;CCCCCCCCS;Olfr15;P23275
OCTANOIC ACID;CCCCCCCC(=O)O;Olfr15;P23275
1-(METHYLTHIO)ETHANETHIOL;CC(S)SC;Olfr1509;Q7TQQ0
2,3,5-TRITHIAHEXANE;CSCSSC;Olfr1509;Q7TQQ0
2-(METHYLSULFANYL)ETHANETHIOL;CSCCS;Olfr1509;Q7TQQ0
2-TETRAHYDROTHIOPHENETHIOL;C1CC(SC1)S;Olfr1509;Q7TQQ0
3-METHYLTHIO-1-PROPANETHIOL;CSCCCS;Olfr1509;Q7TQQ0
BIS(METHYLTHIOMETHYL)DISULFIDE;CSCSSCSC;Olfr1509;Q7TQQ0
DIMETHYL SULFIDE;CSC;Olfr1509;Q7TQQ0
(ETHYLTHIO)METHANETHIOL;CCSCS;Olfr1509;Q7TQQ0
METHYLTHIOMETHYLMERCAPTAN;CSCS;Olfr1509;Q7TQQ0
THIETHANE;C1CSC1;Olfr1509;Q7TQQ0
ACETOPHENONE;CC(=O)C1=CC=CC=C1;Olfr151;Q60893
BENZALDEHYDE;C1=CC=C(C=C1)C=O;Olfr151;Q60893
2-DECANONE;CCCCCCCCC(=O)C;Olfr154;Q9QY00
2-HEPTANONE;CCCCCC(=O)C;Olfr154;Q9QY00
2-HEXANONE;CCCCC(=O)C;Olfr154;Q9QY00
2-NONANONE;CCCCCCCC(=O)C;Olfr154;Q9QY00
2-OCTANONE;CCCCCCC(=O)C;Olfr154;Q9QY00
2-PENTANONE;CCCC(=O)C;Olfr154;Q9QY00
3-HEPTANONE;CCCCC(=O)CC;Olfr154;Q9QY00
HEPTANAL;CCCCCCC=O;Olfr154;Q9QY00
ACETOPHENONE;CC(=O)C1=CC=CC=C1;Olfr156;Q8VGA9
ALPHA-CEDRENE;C[C@@H]1CC[C@@H]2[C@]13CC=C([C@H](C3)C2(C)C)C;Olfr16;Q62007
LYRAL;CC(C)(CCCC1=CCC(CC1)C=O)O;Olfr16;Q62007
OCTANAL;CCCCCCCC=O;Olfr16;Q62007
OCTANOIC ACID;CCCCCCCC(=O)O;Olfr16;Q62007
4-CHROMANONE;C1COC2=CC=CC=C2C1=O;Olfr160;Q8VGE3
ACETOPHENONE;CC(=O)C1=CC=CC=C1;Olfr160;Q8VGE3
(-)-CARVONE;CC1=CC[C@H](CC1=O)C(=C)C;Olfr160;Q8VGE3
COUMARIN;C1=CC=C2C(=C1)C=CC(=O)O2;Olfr160;Q8VGE3
1-HEXANOL;CCCCCCO;Olfr161;Q8VGB9
3,4-HEXANEDIONE;CCC(=O)C(=O)CC;Olfr161;Q8VGB9
GALAXOLIDE;CC1COCC2=CC3=C(C=C12)C(C(C3(C)C)C)(C)C;Olfr161;Q8VGB9
(-)-PERILLALDEHYDE;CC(=C)[C@H]1CCC(=CC1)C=O;Olfr161;Q8VGB9
ACETOPHENONE;CC(=O)C1=CC=CC=C1;Olfr166;Q8VGX2
(-)-CARVONE;CC1=CC[C@H](CC1=O)C(=C)C;Olfr166;Q8VGX2
(+)-CARVONE;CC1=CC[C@@H](CC1=O)C(=C)C;Olfr166;Q8VGX2
(-)-CITRONELLAL;C[C@@H](CCC=C(C)C)CC=O;Olfr166;Q8VGX2
DECANOIC ACID;CCCCCCCCCC(=O)O;Olfr166;Q8VGX2
EUGENOL;COC1=C(C=CC(=C1)CC=C)O;Olfr166;Q8VGX2
HEXANAL;CCCCCC=O;Olfr166;Q8VGX2
PROPIONIC ACID;CCC(=O)O;Olfr166;Q8VGX2
PYRIDINE;C1=CC=NC=C1;Olfr166;Q8VGX2
1-HEPTANOL;CCCCCCCO;Olfr167;Q8VGJ5
2-HEPTANONE;CCCCCC(=O)C;Olfr167;Q8VGJ5
2-HEXANONE;CCCCC(=O)C;Olfr167;Q8VGJ5
2-OCTANONE;CCCCCCC(=O)C;Olfr167;Q8VGJ5
3-HEPTANONE;CCCCC(=O)CC;Olfr167;Q8VGJ5
3-OCTANONE;CCCCCC(=O)CC;Olfr167;Q8VGJ5
4-CHROMANONE;C1COC2=CC=CC=C2C1=O;Olfr167;Q8VGJ5
ACETOPHENONE;CC(=O)C1=CC=CC=C1;Olfr167;Q8VGJ5
ALLYL PHENYLACETATE;C=CCOC(=O)CC1=CC=CC=C1;Olfr167;Q8VGJ5
BENZYL ACETATE;CC(=O)OCC1=CC=CC=C1;Olfr167;Q8VGJ5
(+)-CARVONE;CC1=CC[C@@H](CC1=O)C(=C)C;Olfr167;Q8VGJ5
CYCLOHEXANONE;C1CCC(=O)CC1;Olfr167;Q8VGJ5
(+)-DIHYDROCARVONE;C[C@@H]1CC[C@H](CC1=O)C(=C)C;Olfr167;Q8VGJ5
DIHYDROJASMONE;CCCCCC1=C(CCC1=O)C;Olfr167;Q8VGJ5
ETHYL ISOBUTYRATE;CCOC(=O)C(C)C;Olfr167;Q8VGJ5
(-)-Fenchone;C[C@@]12CC[C@@H](C1)C(C2=O)(C)C;Olfr167;Q8VGJ5
(+)-FENCHONE;C[C@]12CC[C@H](C1)C(C2=O)(C)C;Olfr167;Q8VGJ5
GAMMA-CAPROLACTONE;CCC1CCC(=O)O1;Olfr167;Q8VGJ5
PHENYLACETATE;C1=CC=C(C=C1)CC(=O)[O-];Olfr167;Q8VGJ5
PRENYL ACETATE;CC(=CCOC(=O)C)C;Olfr167;Q8VGJ5
1-HEPTANOL;CCCCCCCO;Olfr168;Q8VF05
2,3-HEXANEDIONE;CCCC(=O)C(=O)C;Olfr168;Q8VF05
2-HEPTANONE;CCCCCC(=O)C;Olfr168;Q8VF05
2-HEXANONE;CCCCC(=O)C;Olfr168;Q8VF05
2-PENTANONE;CCCC(=O)C;Olfr168;Q8VF05
3,4-HEXANEDIONE;CCC(=O)C(=O)CC;Olfr168;Q8VF05
3-HEPTANONE;CCCCC(=O)CC;Olfr168;Q8VF05
3-OCTANONE;CCCCCC(=O)CC;Olfr168;Q8VF05
4-CHROMANONE;C1COC2=CC=CC=C2C1=O;Olfr168;Q8VF05
ACETOPHENONE;CC(=O)C1=CC=CC=C1;Olfr168;Q8VF05
ALLYL PHENYLACETATE;C=CCOC(=O)CC1=CC=CC=C1;Olfr168;Q8VF05
BENZENE;C1=CC=CC=C1;Olfr168;Q8VF05
BENZYL ACETATE;CC(=O)OCC1=CC=CC=C1;Olfr168;Q8VF05
(-)-CARVONE;CC1=CC[C@H](CC1=O)C(=C)C;Olfr168;Q8VF05
(+)-CARVONE;CC1=CC[C@@H](CC1=O)C(=C)C;Olfr168;Q8VF05
CYCLOHEXANONE;C1CCC(=O)CC1;Olfr168;Q8VF05
(+)-DIHYDROCARVONE;C[C@@H]1CC[C@H](CC1=O)C(=C)C;Olfr168;Q8VF05
DIHYDROJASMONE;CCCCCC1=C(CCC1=O)C;Olfr168;Q8VF05
ETHYL ISOBUTYRATE;CCOC(=O)C(C)C;Olfr168;Q8VF05
(-)-Fenchone;C[C@@]12CC[C@@H](C1)C(C2=O)(C)C;Olfr168;Q8VF05
(+)-FENCHONE;C[C@]12CC[C@H](C1)C(C2=O)(C)C;Olfr168;Q8VF05
GAMMA-CAPROLACTONE;CCC1CCC(=O)O1;Olfr168;Q8VF05
HEXANAL;CCCCCC=O;Olfr168;Q8VF05
PRENYL ACETATE;CC(=CCOC(=O)C)C;Olfr168;Q8VF05
4-CHROMANONE;C1COC2=CC=CC=C2C1=O;Olfr171;Q7TS51
CYCLOHEXANONE;C1CCC(=O)CC1;Olfr171;Q7TS51
DIHYDROJASMONE;CCCCCC1=C(CCC1=O)C;Olfr171;Q7TS51
ETHYL ISOBUTYRATE;CCOC(=O)C(C)C;Olfr171;Q7TS51
(+)-FENCHONE;C[C@]12CC[C@H](C1)C(C2=O)(C)C;Olfr171;Q7TS51
ACETOPHENONE;CC(=O)C1=CC=CC=C1;Olfr174;Q8VGR0
(-)-CARVONE;CC1=CC[C@H](CC1=O)C(=C)C;Olfr174;Q8VGR0
(+)-CARVONE;CC1=CC[C@@H](CC1=O)C(=C)C;Olfr174;Q8VGR0
COUMARIN;C1=CC=C2C(=C1)C=CC(=O)O2;Olfr174;Q8VGR0
(+)-DIHYDROCARVONE;C[C@@H]1CC[C@H](CC1=O)C(=C)C;Olfr174;Q8VGR0
EUGENOL;COC1=C(C=CC(=C1)CC=C)O;Olfr174;Q8VGR0
(+)-CARVONE;CC1=CC[C@@H](CC1=O)C(=C)C;Olfr175;A0A140T8K4
EUGENOL;COC1=C(C=CC(=C1)CC=C)O;Olfr178;Q7TS49
ACETOPHENONE;CC(=O)C1=CC=CC=C1;Olfr19;Q9JHB2
COUMARIN;C1=CC=C2C(=C1)C=CC(=O)O2;Olfr19;Q9JHB2
DIHYDROJASMONE;CCCCCC1=C(CCC1=O)C;Olfr19;Q9JHB2
EUGENOL;COC1=C(C=CC(=C1)CC=C)O;Olfr19;Q9JHB2
(-)-CARVONE;CC1=CC[C@H](CC1=O)C(=C)C;Olfr190;Q7TS46
ACETOPHENONE;CC(=O)C1=CC=CC=C1;Olfr191;Q7TS45
4-CHROMANONE;C1COC2=CC=CC=C2C1=O;Olfr194;Q7TS42
ACETOPHENONE;CC(=O)C1=CC=CC=C1;Olfr194;Q7TS42
(-)-CARVONE;CC1=CC[C@H](CC1=O)C(=C)C;Olfr194;Q7TS42
COUMARIN;C1=CC=C2C(=C1)C=CC(=O)O2;Olfr194;Q7TS42
ACETOPHENONE;CC(=O)C1=CC=CC=C1;Olfr196;Q8VG48
4-CHROMANONE;C1COC2=CC=CC=C2C1=O;Olfr197;Q7TS41
(-)-CARVONE;CC1=CC[C@H](CC1=O)C(=C)C;Olfr198;Q7TS40
2-OCTENAL;CCCCC/C=C/C=O;Olfr2;O95918
(-)-CITRONELLAL;C[C@@H](CCC=C(C)C)CC=O;Olfr2;O95918
CARAMEL FURANONE;CC1C(=C(C(=O)O1)O)C;Olfr2;O95918
CITRAL;CC(=CCC/C(=C/C=O)/C)C;Olfr2;O95918
HEPTANAL;CCCCCCC=O;Olfr2;O95918
OCTANAL;CCCCCCCC=O;Olfr2;O95918
ACETOPHENONE;CC(=O)C1=CC=CC=C1;Olfr201;Q7TS38
(+)-DIHYDROCARVONE;C[C@@H]1CC[C@H](CC1=O)C(=C)C;Olfr202;Q8VGQ3
ACETOPHENONE;CC(=O)C1=CC=CC=C1;Olfr203;Q8VFC0
2-PENTANONE;CCCC(=O)C;Olfr205;Q7TS37
4-CHROMANONE;C1COC2=CC=CC=C2C1=O;Olfr205;Q7TS37
ACETOPHENONE;CC(=O)C1=CC=CC=C1;Olfr205;Q7TS37
(-)-CARVONE;CC1=CC[C@H](CC1=O)C(=C)C;Olfr205;Q7TS37
COUMARIN;C1=CC=C2C(=C1)C=CC(=O)O2;Olfr205;Q7TS37
AXE;C[C@H](C1=CC=CC2=CC=CC=C21)NC3=NC=NC4=CC(=C(C=C43)OC)OC;Olfr214;Q8VG27
DECYL ACETATE;CCCCCCCCCCOC(=O)C;Olfr214;Q8VG27
METHYL FURFURYL DiSULFIDE;CSSCC1=CC=CO1;Olfr214;Q8VG27
DIHYDROJASMONE;CCCCCC1=C(CCC1=O)C;Olfr221;B2RVX8
5-CYCLOPROPYLPENTANAL;C1CC1CCCCC=O;Olfr226;A0FLM4
MUSCONE;CC1CCCCCCCCCCCCC(=O)C1;Olfr235;E9Q9Z6
CEDRYL ACETATE;C[C@@H]1CC[C@@H]2[C@]13CC[C@@]([C@H](C3)C2(C)C)(C)OC(=O)C;Olfr24;Q8VFM9
4-CHROMANONE;C1COC2=CC=CC=C2C1=O;Olfr251;Q7TS23
ACETOPHENONE;CC(=O)C1=CC=CC=C1;Olfr251;Q7TS23
(-)-CARVONE;CC1=CC[C@H](CC1=O)C(=C)C;Olfr251;Q7TS23
COUMARIN;C1=CC=C2C(=C1)C=CC(=O)O2;Olfr251;Q7TS23
(-)-CARVONE;CC1=CC[C@H](CC1=O)C(=C)C;Olfr263;Q7TQT8
COUMARIN;C1=CC=C2C(=C1)C=CC(=O)O2;Olfr263;Q7TQT8
4-CHROMANONE;C1COC2=CC=CC=C2C1=O;Olfr285;Q7TS17
COUMARIN;C1=CC=C2C(=C1)C=CC(=O)O2;Olfr285;Q7TS17
(-)-CARVONE;CC1=CC[C@H](CC1=O)C(=C)C;Olfr287;E9PZS7
(+)-CARVONE;CC1=CC[C@@H](CC1=O)C(=C)C;Olfr287;E9PZS7
Z-5-TETRADECEN-1-OL;CCCCCCCC/C=C\CCCCO;Olfr288;Q7TS17
ACETOPHENONE;CC(=O)C1=CC=CC=C1;Olfr30;Q8VGD8
4-CHROMANONE;C1COC2=CC=CC=C2C1=O;Olfr311;Q5NC59
ALLYL PHENYLACETATE;C=CCOC(=O)CC1=CC=CC=C1;Olfr311;Q5NC59
(-)-CARVONE;CC1=CC[C@H](CC1=O)C(=C)C;Olfr316;Q7TRZ6
(+)-CARVONE;CC1=CC[C@@H](CC1=O)C(=C)C;Olfr316;Q7TRZ6
(-)-CITRONELLAL;C[C@@H](CCC=C(C)C)CC=O;Olfr316;Q7TRZ6
DECANOIC ACID;CCCCCCCCCC(=O)O;Olfr316;Q7TRZ6
EUGENOL;COC1=C(C=CC(=C1)CC=C)O;Olfr316;Q7TRZ6
HEXANAL;CCCCCC=O;Olfr316;Q7TRZ6
PROPIONIC ACID;CCC(=O)O;Olfr316;Q7TRZ6
BENZALDEHYDE;C1=CC=C(C=C1)C=O;Olfr320;Q7TRZ4
(-)-CAMPHOR;C[C@]12CC[C@H](C1(C)C)CC2=O;Olfr323;Q8VF24
(+)-CAMPHOR;C[C@@]12CC[C@@H](C1(C)C)CC2=O;Olfr323;Q8VF24
(-)-Fenchone;C[C@@]12CC[C@@H](C1)C(C2=O)(C)C;Olfr323;Q8VF24
4-CHROMANONE;C1COC2=CC=CC=C2C1=O;Olfr338;Q8VGK6
ACETOPHENONE;CC(=O)C1=CC=CC=C1;Olfr338;Q8VGK6
(-)-CARVONE;CC1=CC[C@H](CC1=O)C(=C)C;Olfr338;Q8VGK6
COUMARIN;C1=CC=C2C(=C1)C=CC(=O)O2;Olfr338;Q8VGK6
ACETOPHENONE;CC(=O)C1=CC=CC=C1;Olfr339;Q8VGK8
2-ETHYLPHENOL;CCC1=CC=CC=C1O;Olfr340;Q8VGL0
4-CHROMANONE;C1COC2=CC=CC=C2C1=O;Olfr340;Q8VGL0
BETA-CITRONELLOL;CC(CCC=C(C)C)CCO;Olfr340;Q8VGL0
(-)-CAMPHOR;C[C@]12CC[C@H](C1(C)C)CC2=O;Olfr340;Q8VGL0
(+)-CAMPHOR;C[C@@]12CC[C@@H](C1(C)C)CC2=O;Olfr340;Q8VGL0
(-)-CARVONE;CC1=CC[C@H](CC1=O)C(=C)C;Olfr340;Q8VGL0
CYCLOHEXANONE;C1CCC(=O)CC1;Olfr340;Q8VGL0
(-)-DIHYDROCARVEOL;C[C@@H]1CC[C@H](C[C@H]1O)C(=C)C;Olfr340;Q8VGL0
(+)-DIHYDROCARVONE;C[C@@H]1CC[C@H](CC1=O)C(=C)C;Olfr340;Q8VGL0
(-)-Fenchone;C[C@@]12CC[C@@H](C1)C(C2=O)(C)C;Olfr340;Q8VGL0
(+)-FENCHONE;C[C@]12CC[C@H](C1)C(C2=O)(C)C;Olfr340;Q8VGL0
ACETOPHENONE;CC(=O)C1=CC=CC=C1;Olfr346;Q8VGJ7
ACETOPHENONE;CC(=O)C1=CC=CC=C1;Olfr347;Q8VGK2
(-)-CARVONE;CC1=CC[C@H](CC1=O)C(=C)C;Olfr362;Q8VGV7
ACETOPHENONE;CC(=O)C1=CC=CC=C1;Olfr376;Q8VGI2
3-OCTANONE;CCCCCC(=O)CC;Olfr406;Q7TRX0
ACETOPHENONE;CC(=O)C1=CC=CC=C1;Olfr414;Q8VG29
EUGENOL;COC1=C(C=CC(=C1)CC=C)O;Olfr414;Q8VG29
ACETOPHENONE;CC(=O)C1=CC=CC=C1;Olfr429;Q7TRW1
ALLYL BENZENE;C=CCC1=CC=CC=C1;Olfr429;Q7TRW1
COUMARIN;C1=CC=C2C(=C1)C=CC(=O)O2;Olfr429;Q7TRW1
EUGENOL;COC1=C(C=CC(=C1)CC=C)O;Olfr429;Q7TRW1
BETA-CITRONELLOL;CC(CCC=C(C)C)CCO;Olfr43;Q7TRX1
(-)-CITRONELLAL;C[C@@H](CCC=C(C)C)CC=O;Olfr43;Q7TRX1
(-)-CITRONELLOL;C[C@@H](CCC=C(C)C)CCO;Olfr43;Q7TRX1
ACETOPHENONE;CC(=O)C1=CC=CC=C1;Olfr430;Q3B889
EUGENOL;COC1=C(C=CC(=C1)CC=C)O;Olfr432;Q3KPC8
ACETOPHENONE;CC(=O)C1=CC=CC=C1;Olfr434;Q8VF17
1-DECANOL;CCCCCCCCCCO;Olfr447;Q8VGP6
1-HEPTANOL;CCCCCCCO;Olfr447;Q8VGP6
1-NONANOL;CCCCCCCCCO;Olfr447;Q8VGP6
1-OCTANOL;CCCCCCCCO;Olfr447;Q8VGP6
ALLYL PHENYLACETATE;C=CCOC(=O)CC1=CC=CC=C1;Olfr447;Q8VGP6
BENZYL ACETATE;CC(=O)OCC1=CC=CC=C1;Olfr447;Q8VGP6
TERT-NONANETHIOL;CCCCCCCCCS;Olfr447;Q8VGP6
(-)-CARVONE;CC1=CC[C@H](CC1=O)C(=C)C;Olfr45;Q8VGM1
PYRIDINE;C1=CC=NC=C1;Olfr45;Q8VGM1
CEDRYL ACETATE;C[C@@H]1CC[C@@H]2[C@]13CC[C@@]([C@H](C3)C2(C)C)(C)OC(=O)C;Olfr459;Q7TRV5
LYRAL;CC(C)(CCCC1=CCC(CC1)C=O)O;Olfr459;Q7TRV5
NONANETHIOL;CCCCCCCCCS;Olfr459;Q7TRV5
ACETOPHENONE;CC(=O)C1=CC=CC=C1;Olfr466;Q8VG83
ACETOPHENONE;CC(=O)C1=CC=CC=C1;Olfr476;Q8VGI4
METHYL BENZOATE;COC(=O)C1=CC=CC=C1;Olfr476;Q8VGI4
ACETOPHENONE;CC(=O)C1=CC=CC=C1;Olfr478;Q8VG04
1-HEPTANOL;CCCCCCCO;Olfr480;Q8VEZ0
1-HEXANOL;CCCCCCO;Olfr480;Q8VEZ0
HEXANAL;CCCCCC=O;Olfr480;Q8VEZ0
BETA-CITRONELLOL;CC(CCC=C(C)C)CCO;Olfr49;Q9Z1V0
(-)-CITRONELLAL;C[C@@H](CCC=C(C)C)CC=O;Olfr49;Q9Z1V0
ACETOPHENONE;CC(=O)C1=CC=CC=C1;Olfr490;Q8VFD2
ACETOPHENONE;CC(=O)C1=CC=CC=C1;Olfr491;Q8VG06
ACETOPHENONE;CC(=O)C1=CC=CC=C1;Olfr494;Q8VG07
(-)-CARVONE;CC1=CC[C@H](CC1=O)C(=C)C;Olfr50;Q8VGK5
(+)-CARVONE;CC1=CC[C@@H](CC1=O)C(=C)C;Olfr50;Q8VGK5
ACETOPHENONE;CC(=O)C1=CC=CC=C1;Olfr502;Q8VG09
(-)-CARVONE;CC1=CC[C@H](CC1=O)C(=C)C;Olfr508;Q8VG42
(+)-CARVONE;CC1=CC[C@@H](CC1=O)C(=C)C;Olfr508;Q8VG42
COUMARIN;C1=CC=C2C(=C1)C=CC(=O)O2;Olfr508;Q8VG42
ACETOPHENONE;CC(=O)C1=CC=CC=C1;Olfr51;Q8VGG9
EUGENOL METHYL ETHER;COC1=C(C=C(C=C1)CC=C)OC;Olfr510;Q8VEW6
ISOEUGENOL ACETATE;CC=CC1=CC(=C(C=C1)OC(=O)C)OC;Olfr510;Q8VEW6
ISOMETHYLEUGENOL;C/C=C/C1=CC(=C(C=C1)OC)OC;Olfr510;Q8VEW6
METHYL ISOEUGENOL;CC=CC1=CC(=C(C=C1)OC)OC;Olfr510;Q8VEW6
1-OCTANOL;CCCCCCCCO;Olfr514;Q8VFZ6
ALLYL PHENYLACETATE;C=CCOC(=O)CC1=CC=CC=C1;Olfr514;Q8VFZ6
GERANIOL;CC(=CCCC(=CCO)C)C;Olfr514;Q8VFZ6
TERT-NONANETHIOL;CCCCCCCCCS;Olfr514;Q8VFZ6
(+)-CAMPHOR;C[C@@]12CC[C@@H](C1(C)C)CC2=O;Olfr532;Q8VGT4
CYCLOHEXANONE;C1CCC(=O)CC1;Olfr532;Q8VGT4
DECANOIC ACID;CCCCCCCCCC(=O)O;Olfr544;Q9WU88
NONANEDIOIC ACID;C(CCCC(=O)O)CCCC(=O)O;Olfr544;Q9WU88
NONANOIC ACID;CCCCCCCCC(=O)O;Olfr544;Q9WU88
OCTANEDIOIC ACID;C(CCCC(=O)O)CCC(=O)O;Olfr544;Q9WU88
OCTANOIC ACID;CCCCCCCC(=O)O;Olfr544;Q9WU88
PHENYLENEDIPROPIONIC ACID;C1=CC(=CC=C1CCC(=O)O)CCC(=O)O;Olfr544;Q9WU88
UNDECANEDIOIC ACID;C(CCCCC(=O)O)CCCCC(=O)O;Olfr544;Q9WU88
UNDECANOIC ACID;CCCCCCCCCCC(=O)O;Olfr544;Q9WU88
DODECANEDIOIC ACID;C(CCCCCC(=O)O)CCCCC(=O)O;Olfr545;Q9WU94
NONANEDIOIC ACID;C(CCCC(=O)O)CCCC(=O)O;Olfr545;Q9WU94
PHENYLENEDIPROPIONIC ACID;C1=CC(=CC=C1CCC(=O)O)CCC(=O)O;Olfr545;Q9WU94
UNDECANEDIOIC ACID;C(CCCCC(=O)O)CCCCC(=O)O;Olfr545;Q9WU94
DECANOIC ACID;CCCCCCCCCC(=O)O;Olfr547;Q7TRS7
HEPTANOIC ACID;CCCCCCC(=O)O;Olfr547;Q7TRS7
HEXANOIC ACID;CCCCCC(=O)O;Olfr547;Q7TRS7
LAURIC ACID;CCCCCCCCCCCC(=O)O;Olfr547;Q7TRS7
NONANOIC ACID;CCCCCCCCC(=O)O;Olfr547;Q7TRS7
OCTANOIC ACID;CCCCCCCC(=O)O;Olfr547;Q7TRS7
(-)-CARVONE;CC1=CC[C@H](CC1=O)C(=C)C;Olfr554;Q8VEX9
DECANAL;CCCCCCCCCC=O;Olfr554;Q8VEX9
DECANOIC ACID;CCCCCCCCCC(=O)O;Olfr554;Q8VEX9
NONANOIC ACID;CCCCCCCCC(=O)O;Olfr554;Q8VEX9
OCTANOIC ACID;CCCCCCCC(=O)O;Olfr554;Q8VEX9
1-HEPTANOL;CCCCCCCO;Olfr556;Q8VG22
1-HEXANOL;CCCCCCO;Olfr556;Q8VG22
1-PENTANOL;CCCCCO;Olfr556;Q8VG22
2,3-HEXANEDIONE;CCCC(=O)C(=O)C;Olfr556;Q8VG22
2-COUMARANONE;C1C2=CC=CC=C2OC1=O;Olfr556;Q8VG22
3,4-HEXANEDIONE;CCC(=O)C(=O)CC;Olfr556;Q8VG22
4-CHROMANONE;C1COC2=CC=CC=C2C1=O;Olfr556;Q8VG22
4-HYDROXYCOUMARIN;C1=CC=C2C(=C1)C(=CC(=O)O2)O;Olfr556;Q8VG22
ACETOPHENONE;CC(=O)C1=CC=CC=C1;Olfr556;Q8VG22
BENZYL ACETATE;CC(=O)OCC1=CC=CC=C1;Olfr556;Q8VG22
(-)-CARVONE;CC1=CC[C@H](CC1=O)C(=C)C;Olfr556;Q8VG22
(+)-CARVONE;CC1=CC[C@@H](CC1=O)C(=C)C;Olfr556;Q8VG22
COUMARIN;C1=CC=C2C(=C1)C=CC(=O)O2;Olfr556;Q8VG22
CYCLOHEXANONE;C1CCC(=O)CC1;Olfr556;Q8VG22
(+)-DIHYDROCARVONE;C[C@@H]1CC[C@H](CC1=O)C(=C)C;Olfr556;Q8VG22
DIHYDROJASMONE;CCCCCC1=C(CCC1=O)C;Olfr556;Q8VG22
NONANEDIOIC ACID;C(CCCC(=O)O)CCCC(=O)O;Olfr556;Q8VG22
PHENYLACETATE;C1=CC=C(C=C1)CC(=O)[O-];Olfr556;Q8VG22
(-)-CARVONE;CC1=CC[C@H](CC1=O)C(=C)C;Olfr558;Q3B876
(+)-CARVONE;CC1=CC[C@@H](CC1=O)C(=C)C;Olfr558;Q3B876
(-)-CITRONELLAL;C[C@@H](CCC=C(C)C)CC=O;Olfr558;Q3B876
DECANOIC ACID;CCCCCCCCCC(=O)O;Olfr558;Q3B876
EUGENOL;COC1=C(C=CC(=C1)CC=C)O;Olfr558;Q3B876
HEXANAL;CCCCCC=O;Olfr558;Q3B876
NONANOIC ACID;CCCCCCCCC(=O)O;Olfr558;Q3B876
PROPIONIC ACID;CCC(=O)O;Olfr558;Q3B876
LIMONENE;CC1=CCC(CC1)C(=C)C;Olfr56;Q8VGD6
CEDRYL ACETATE;C[C@@H]1CC[C@@H]2[C@]13CC[C@@]([C@H](C3)C2(C)C)(C)OC(=O)C;Olfr569;Q8VGZ2
DECANAL;CCCCCCCCCC=O;Olfr569;Q8VGZ2
DECANOIC ACID;CCCCCCCCCC(=O)O;Olfr569;Q8VGZ2
HEPTANOIC ACID;CCCCCCC(=O)O;Olfr569;Q8VGZ2
NONANAL;CCCCCCCCC=O;Olfr569;Q8VGZ2
NONANOIC ACID;CCCCCCCCC(=O)O;Olfr569;Q8VGZ2
OCTANOIC ACID;CCCCCCCC(=O)O;Olfr569;Q8VGZ2
1-HEPTANOL;CCCCCCCO;Olfr57;Q8VGU7
1-OCTANOL;CCCCCCCCO;Olfr57;Q8VGU7
2,4-NONADIENAL;CCCC/C=C/C=C/C=O;Olfr57;Q8VGU7
2-HEPTANONE;CCCCCC(=O)C;Olfr57;Q8VGU7
2-METHOXY-4-ETHYLPHENOL;CCC1=CC(=C(C=C1)O)OC;Olfr57;Q8VGU7
2-OCTANOL;CCCCCCC(C)O;Olfr57;Q8VGU7
3-OCTANOL;CCCCCC(CC)O;Olfr57;Q8VGU7
ACETOPHENONE;CC(=O)C1=CC=CC=C1;Olfr57;Q8VGU7
EUGENOL;COC1=C(C=CC(=C1)CC=C)O;Olfr57;Q8VGU7
HEPTANAL;CCCCCCC=O;Olfr57;Q8VGU7
NONANAL;CCCCCCCCC=O;Olfr57;Q8VGU7
OCTANAL;CCCCCCCC=O;Olfr57;Q8VGU7
HEPTANOIC ACID;CCCCCCC(=O)O;Olfr586;Q8VH13
NONANOIC ACID;CCCCCCCCC(=O)O;Olfr586;Q8VH13
OCTANOIC ACID;CCCCCCCC(=O)O;Olfr586;Q8VH13
CITRAL;CC(=CCC/C(=C/C=O)/C)C;Olfr591;Q7TRR7
HEPTANOIC ACID;CCCCCCC(=O)O;Olfr599;Q8VG01
NONANOIC ACID;CCCCCCCCC(=O)O;Olfr599;Q8VG01
OCTANOIC ACID;CCCCCCCC(=O)O;Olfr599;Q8VG01
ACETOPHENONE;CC(=O)C1=CC=CC=C1;Olfr60;Q8VGL4
GALAXOLIDE;CC1COCC2=CC3=C(C=C12)C(C(C3(C)C)C)(C)C;Olfr609;Q8VGY6
VANILLIC ACID;COC1=C(C=CC(=C1)C(=O)O)O;Olfr609;Q8VGY6
CYCLOHEXANOL;C1CCC(CC1)O;Olfr61;Q7TRT3
CYCLOHEXANONE;C1CCC(=O)CC1;Olfr61;Q7TRT3
EUGENOL;COC1=C(C=CC(=C1)CC=C)O;Olfr610;Q8VGY5
VANILLIC ACID;COC1=C(C=CC(=C1)C(=O)O)O;Olfr611;Q8VFZ7
VANILLIC ACID;COC1=C(C=CC(=C1)C(=O)O)O;Olfr612;Q6W053
BENZYL SALICYLATE;C1=CC=C(C=C1)COC(=O)C2=CC=CC=C2O;Olfr616;Q3KPB0
METHYL SALICYLATE;COC(=O)C1=CC=CC=C1O;Olfr616;Q3KPB0
2-COUMARANONE;C1C2=CC=CC=C2OC1=O;Olfr62;Q3SXI0
4-CHROMANONE;C1COC2=CC=CC=C2C1=O;Olfr62;Q3SXI0
ACETOPHENONE;CC(=O)C1=CC=CC=C1;Olfr62;Q3SXI0
BENZALDEHYDE;C1=CC=C(C=C1)C=O;Olfr62;Q3SXI0
BENZOPHENONE;C1=CC=C(C=C1)C(=O)C2=CC=CC=C2;Olfr62;Q3SXI0
COUMARIN;C1=CC=C2C(=C1)C=CC(=O)O2;Olfr62;Q3SXI0
ETHYL MALTOL;CCC1=C(C(=O)C=CO1)O;Olfr62;Q3SXI0
PIPERONAL;C1OC2=C(O1)C=C(C=C2)C=O;Olfr62;Q3SXI0
QUINOLINE;C1=CC=C2C(=C1)C=CC=N2;Olfr62;Q3SXI0
HEXANAL;CCCCCC=O;Olfr620;Q8VG77
HEXANOIC ACID;CCCCCC(=O)O;Olfr620;Q8VG77
(-)-CITRONELLAL;C[C@@H](CCC=C(C)C)CC=O;Olfr63;Q8VBW9
HEPTANOIC ACID;CCCCCCC(=O)O;Olfr631;Q9EPN8
2-PHENYLBUTYRIC ACID;CCC(C1=CC=CC=C1)C(=O)O;Olfr632;Q3KPA8
ALLYL PHENYLACETATE;C=CCOC(=O)CC1=CC=CC=C1;Olfr632;Q3KPA8
2-BROMOHEXANOIC ACID;CCCCC(C(=O)O)Br;Olfr638;Q8VH20
BROMOHEXANOIC ACID;C(CCC(=O)O)CCBr;Olfr638;Q8VH20
CIS-4-DECENAL;CCCCC/C=C\CCC=O;Olfr638;Q8VH20
CIS-6-NONENAL;CC/C=C\CCCCC=O;Olfr638;Q8VH20
DECANOIC ACID;CCCCCCCCCC(=O)O;Olfr638;Q8VH20
HEPTANOIC ACID;CCCCCCC(=O)O;Olfr638;Q8VH20
HEXANOIC ACID;CCCCCC(=O)O;Olfr638;Q8VH20
NONANAL;CCCCCCCCC=O;Olfr638;Q8VH20
NONANOIC ACID;CCCCCCCCC(=O)O;Olfr638;Q8VH20
NONANOIC ACID;CCCCCCCCC(=O)O;Olfr638;Q8VH20
OCTANAL;CCCCCCCC=O;Olfr638;Q8VH20
OCTANOIC ACID;CCCCCCCC(=O)O;Olfr638;Q8VH20
2-COUMARANONE;C1C2=CC=CC=C2OC1=O;Olfr64;Q9WVN5
ALLYL PHENYLACETATE;C=CCOC(=O)CC1=CC=CC=C1;Olfr64;Q9WVN5
HEPTANOIC ACID;CCCCCCC(=O)O;Olfr64;Q9WVN5
HEXANAL;CCCCCC=O;Olfr64;Q9WVN5
HEXANOIC ACID;CCCCCC(=O)O;Olfr64;Q9WVN5
PENTANOIC ACID;CCCCC(=O)O;Olfr64;Q9WVN5
2-BROMOBUTANOIC ACID;CCC(C(=O)O)Br;Olfr642;Q924X8
2-BROMOHEPTANOIC ACID;CCCCCC(C(=O)O)Br;Olfr642;Q924X8
2-BROMOHEXANOIC ACID;CCCCC(C(=O)O)Br;Olfr642;Q924X8
2-BROMOOCTANOIC ACID;CCCCCCC(C(=O)O)Br;Olfr642;Q924X8
2-BROMOPENTANOIC ACID;CCCC(C(=O)O)Br;Olfr642;Q924X8
BROMOBUTANOIC ACID;C(CC(=O)O)CBr;Olfr642;Q924X8
BROMOHEXANOIC ACID;C(CCC(=O)O)CCBr;Olfr642;Q924X8
BROMOOCTANOIC ACID;C(CCCC(=O)O)CCCBr;Olfr642;Q924X8
BROMOPENTANOIC ACID;C(CCBr)CC(=O)O;Olfr642;Q924X8
HEPTANEDIOIC ACID;C(CCC(=O)O)CCC(=O)O;Olfr642;Q924X8
HEXANEDIOIC ACID;C(CCC(=O)O)CC(=O)O;Olfr642;Q924X8
NONANEDIOIC ACID;C(CCCC(=O)O)CCCC(=O)O;Olfr642;Q924X8
NONANOIC ACID;CCCCCCCCC(=O)O;Olfr642;Q924X8
OCTANEDIOIC ACID;C(CCCC(=O)O)CCC(=O)O;Olfr642;Q924X8
BENZALDEHYDE;C1=CC=C(C=C1)C=O;Olfr644;Q8VH21
CYCLOBUTANECARBOXYLIC ACID;C1CC(C1)C(=O)O;Olfr644;Q8VH21
PENTANOIC ACID;CCCCC(=O)O;Olfr644;Q8VH21
TIGLIC ALDEHYDE;C/C=C(\C)/C=O;Olfr644;Q8VH21
1-HEPTANOL;CCCCCCCO;Olfr653;Q8VGX8
1-NONANOL;CCCCCCCCCO;Olfr653;Q8VGX8
BROMOHEXANOIC ACID;C(CCC(=O)O)CCBr;Olfr653;Q8VGX8
BROMOOCTANOIC ACID;C(CCCC(=O)O)CCCBr;Olfr653;Q8VGX8
DECANOIC ACID;CCCCCCCCCC(=O)O;Olfr653;Q8VGX8
HEPTANOIC ACID;CCCCCCC(=O)O;Olfr653;Q8VGX8
HEXANOIC ACID;CCCCCC(=O)O;Olfr653;Q8VGX8
NONANAL;CCCCCCCCC=O;Olfr653;Q8VGX8
NONANOIC ACID;CCCCCCCCC(=O)O;Olfr653;Q8VGX8
OCTANOIC ACID;CCCCCCCC(=O)O;Olfr653;Q8VGX8
1-NONANOL;CCCCCCCCCO;Olfr661;Q99NH4
BROMOOCTANOIC ACID;C(CCCC(=O)O)CCCBr;Olfr661;Q99NH4
NONANOIC ACID;CCCCCCCCC(=O)O;Olfr661;Q99NH4
OCTANOIC ACID;CCCCCCCC(=O)O;Olfr661;Q99NH4
TRICYCLONE;CC1([C@H]2CC1CC3C2=CC(=O)CC3)C;Olfr661;Q99NH4
HEPTANOIC ACID;CCCCCCC(=O)O;Olfr67;F8VPJ8
BROMOOCTANOIC ACID;C(CCCC(=O)O)CCCBr;Olfr672;Q8VG28
DECANOIC ACID;CCCCCCCCCC(=O)O;Olfr672;Q8VG28
NONANOIC ACID;CCCCCCCCC(=O)O;Olfr672;Q8VG28
OCTANOIC ACID;CCCCCCCC(=O)O;Olfr672;Q8VG28
DECANOIC ACID;CCCCCCCCCC(=O)O;Olfr677;Q8VF06
NONANOIC ACID;CCCCCCCCC(=O)O;Olfr677;Q8VF06
OCTANOIC ACID;CCCCCCCC(=O)O;Olfr677;Q8VF06
DECANOIC ACID;CCCCCCCCCC(=O)O;Olfr678;Q8VG26
NONANOIC ACID;CCCCCCCCC(=O)O;Olfr68;Q9WVD8
1-NONANOL;CCCCCCCCCO;Olfr683;Q8VGV1
1-OCTANOL;CCCCCCCCO;Olfr683;Q8VGV1
BROMOOCTANOIC ACID;C(CCCC(=O)O)CCCBr;Olfr683;Q8VGV1
DECANOIC ACID;CCCCCCCCCC(=O)O;Olfr683;Q8VGV1
HEPTANOIC ACID;CCCCCCC(=O)O;Olfr683;Q8VGV1
NONANAL;CCCCCCCCC=O;Olfr683;Q8VGV1
NONANOIC ACID;CCCCCCCCC(=O)O;Olfr683;Q8VGV1
OCTANOIC ACID;CCCCCCCC(=O)O;Olfr683;Q8VGV1
DECANAL;CCCCCCCCCC=O;Olfr685;Q7TRN7
DECANOIC ACID;CCCCCCCCCC(=O)O;Olfr685;Q7TRN7
NONANAL;CCCCCCCCC=O;Olfr685;Q7TRN7
NONANOIC ACID;CCCCCCCCC(=O)O;Olfr685;Q7TRN7
1-NONANOL;CCCCCCCCCO;Olfr69;Q9WVD7
1-OCTANOL;CCCCCCCCO;Olfr69;Q9WVD7
BROMOHEXANOIC ACID;C(CCC(=O)O)CCBr;Olfr69;Q9WVD7
BROMOOCTANOIC ACID;C(CCCC(=O)O)CCCBr;Olfr69;Q9WVD7
HEPTANOIC ACID;CCCCCCC(=O)O;Olfr69;Q9WVD7
NONANOIC ACID;CCCCCCCCC(=O)O;Olfr69;Q9WVD7
OCTANOIC ACID;CCCCCCCC(=O)O;Olfr69;Q9WVD7
1-NONANOL;CCCCCCCCCO;Olfr690;Q8VH18
1-OCTANOL;CCCCCCCCO;Olfr690;Q8VH18
BROMOOCTANOIC ACID;C(CCCC(=O)O)CCCBr;Olfr690;Q8VH18
HEPTANOIC ACID;CCCCCCC(=O)O;Olfr690;Q8VH18
HEXANOIC ACID;CCCCCC(=O)O;Olfr690;Q8VH18
ISOVALERIC ACID;CC(C)CC(=O)O;Olfr690;Q8VH18
NONANOIC ACID;CCCCCCCCC(=O)O;Olfr690;Q8VH18
OCTANOIC ACID;CCCCCCCC(=O)O;Olfr690;Q8VH18
PENTANOIC ACID;CCCCC(=O)O;Olfr690;Q8VH18
ISOVALERIC ACID;CC(C)CC(=O)O;Olfr691;Q8VGW5
PENTANAL;CCCCC=O;Olfr691;Q8VGW5
PENTANOIC ACID;CCCCC(=O)O;Olfr691;Q8VGW5
ACETOPHENONE;CC(=O)C1=CC=CC=C1;Olfr7;Q60882
BENZALDEHYDE;C1=CC=C(C=C1)C=O;Olfr7;Q60882
1-OCTANOL;CCCCCCCCO;Olfr715;Q8VG49
CYCLOHEXANONE;C1CCC(=O)CC1;Olfr715;Q8VG49
DECANOIC ACID;CCCCCCCCCC(=O)O;Olfr715;Q8VG49
NONANOIC ACID;CCCCCCCCC(=O)O;Olfr715;Q8VG49
OCTANETHIOL;CCCCCCCCS;Olfr715;Q8VG49
TERT-NONANETHIOL;CCCCCCCCCS;Olfr715;Q8VG49
2-METHOXY-4-ETHYLPHENOL;CCC1=CC(=C(C=C1)O)OC;Olfr73;Q920P2
2-METHOXY-4-METHYLPHENOL;CC1=CC(=C(C=C1)O)OC;Olfr73;Q920P2
3-METHOXY-4-HIDROXYPHENYLETHANOL;COC1=C(C=CC(=C1)CCO)O;Olfr73;Q920P2
4-ETHOXY-3-METHOXYBENZALDEHYDE;CCOC1=C(C=C(C=C1)C=O)OC;Olfr73;Q920P2
4-HYDROXY-3-METHOXYPHENYLACETONE;CC(=O)CC1=CC(=C(C=C1)O)OC;Olfr73;Q920P2
4-HYDROXY-3-METHYLBENZALDEHYDE;CC1=C(C=CC(=C1)C=O)O;Olfr73;Q920P2
4-ISOPROPYLPHENOL;CC(C)C1=CC=C(C=C1)O;Olfr73;Q920P2
4-METHOXY-3-METHYLBENZALDEHYDE;CC1=C(C=CC(=C1)C=O)OC;Olfr73;Q920P2
4-TERT-BUTYLCYCLOHEXANONE;CC(C)(C)C1CCC(=O)CC1;Olfr73;Q920P2
4-TERT-BUTYLPHENOL;CC(C)(C)C1=CC=C(C=C1)O;Olfr73;Q920P2
ACETOVANILLIN;CC(=O)OC1=C(C=C(C=C1)C=O)OC;Olfr73;Q920P2
ATRARIC ACID (MOUSSE CRISTAL);CC1=CC(=C(C(=C1C(=O)OC)O)C)O;Olfr73;Q920P2
CARAMEL FURANONE;CC1C(=C(C(=O)O1)O)C;Olfr73;Q920P2
ETHYL VANILLIN;CCOC1=C(C=CC(=C1)C=O)O;Olfr73;Q920P2
EUGENOL;COC1=C(C=CC(=C1)CC=C)O;Olfr73;Q920P2
EUGENOL ACETATE;CC(=O)OC1=C(C=C(C=C1)CC=C)OC;Olfr73;Q920P2
HEPTANAL;CCCCCCC=O;Olfr73;Q920P2
JASMONE;CC/C=C\CC1=C(CCC1=O)C;Olfr73;Q920P2
ISOEUGENOL;C/C=C/C1=CC(=C(C=C1)O)OC;Olfr73;Q920P2
ISOMETHYLEUGENOL;C/C=C/C1=CC(=C(C=C1)OC)OC;Olfr73;Q920P2
ISOSAFROLE;C/C=C/C1=CC2=C(C=C1)OCO2;Olfr73;Q920P2
METHYL VANILLATE;COC1=C(C=CC(=C1)C(=O)OC)O;Olfr73;Q920P2
NOOTKATONE;C[C@@H]1CC(=O)C=C2[C@]1(C[C@@H](CC2)C(=C)C)C;Olfr73;Q920P2
ORIVONE;CCC(C)(C)C1CCC(=O)CC1;Olfr73;Q920P2
OXYPHENYLON;CC(=O)CCC1=CC=C(C=C1)O;Olfr73;Q920P2
PROPIONIC ACID;CCC(=O)O;Olfr73;Q920P2
ROSE OXIDE;CC1CCOC(C1)C=C(C)C;Olfr73;Q920P2
TERT-NONANETHIOL;CCCCCCCCCS;Olfr73;Q920P2
TRICYCLONE;CC1([C@H]2CC1CC3C2=CC(=O)CC3)C;Olfr73;Q920P2
UNDECANAL;CCCCCCCCCCC=O;Olfr73;Q920P2
VANILLIC ACID;COC1=C(C=CC(=C1)C(=O)O)O;Olfr73;Q920P2
VANILLIC ALCOHOL;COC1=C(C=CC(=C1)CO)O;Olfr73;Q920P2
VANILLIN;COC1=C(C=CC(=C1)C=O)O;Olfr73;Q920P2
VERATRALDEHYDE;COC1=C(C=C(C=C1)C=O)OC;Olfr73;Q920P2
Z-TRIMETHYLDECALINONE;C[C@]12CCCC([C@@H]1CCC(=O)C2)(C)C;Olfr73;Q920P2
ACETOPHENONE;CC(=O)C1=CC=CC=C1;Olfr736;Q8VFT6
ACETOPHENONE;CC(=O)C1=CC=CC=C1;Olfr739;Q7TRM3
ETHYL VANILLIN;CCOC1=C(C=CC(=C1)C=O)O;Olfr74;Q920P1
MUSCONE;CC1CCCCCCCCCCCCC(=O)C1;Olfr74;Q920P1
VANILLIN;COC1=C(C=CC(=C1)C=O)O;Olfr74;Q920P1
1-HEPTANOL;CCCCCCCO;Olfr744;Q7TRM0
1-HEXANOL;CCCCCCO;Olfr744;Q7TRM0
1-PENTANOL;CCCCCO;Olfr744;Q7TRM0
ACETOPHENONE;CC(=O)C1=CC=CC=C1;Olfr744;Q7TRM0
NONANOIC ACID;CCCCCCCCC(=O)O;Olfr744;Q7TRM0
ACETOPHENONE;CC(=O)C1=CC=CC=C1;Olfr746;Q8VEV3
4-CHROMANONE;C1COC2=CC=CC=C2C1=O;Olfr747;Q7TRL8
ACETOPHENONE;CC(=O)C1=CC=CC=C1;Olfr747;Q7TRL8
(-)-CARVONE;CC1=CC[C@H](CC1=O)C(=C)C;Olfr747;Q7TRL8
COUMARIN;C1=CC=C2C(=C1)C=CC(=O)O2;Olfr747;Q7TRL8
ACETOPHENONE;CC(=O)C1=CC=CC=C1;Olfr749;Q7TRL6
ALLYL BENZENE;C=CCC1=CC=CC=C1;Olfr749;Q7TRL6
COUMARIN;C1=CC=C2C(=C1)C=CC(=O)O2;Olfr749;Q7TRL6
PHENYLACETATE;C1=CC=C(C=C1)CC(=O)[O-];Olfr749;Q7TRL6
ACETATE;CC(=O)[O-];Olfr78;Q8VBV9
PROPIONATE;CCC(=O)[O-];Olfr78;Q8VBV9
BENZALDEHYDE;C1=CC=C(C=C1)C=O;Olfr790;Q8VGJ3
GALAXOLIDE;CC1COCC2=CC3=C(C=C12)C(C(C3(C)C)C)(C)C;Olfr790;Q8VGJ3
BENZOPHENONE;C1=CC=C(C=C1)C(=O)C2=CC=CC=C2;Olfr796;Q8VGJ1
MUSCONE;CC1CCCCCCCCCCCCC(=O)C1;Olfr816;Q496W9
ACETOPHENONE;CC(=O)C1=CC=CC=C1;Olfr874;Q7TRE6
ACETOPHENONE;CC(=O)C1=CC=CC=C1;Olfr875;Q7TRE5
ACETOPHENONE;CC(=O)C1=CC=CC=C1;Olfr876;Q7TRE4
COUMARIN;C1=CC=C2C(=C1)C=CC(=O)O2;Olfr876;Q7TRE4
EUGENOL;COC1=C(C=CC(=C1)CC=C)O;Olfr876;Q7TRE4
ACETOPHENONE;CC(=O)C1=CC=CC=C1;Olfr887;Q9EQA6
ACETOPHENONE;CC(=O)C1=CC=CC=C1;Olfr888;Q9EQA5
ACETOPHENONE;CC(=O)C1=CC=CC=C1;Olfr889;Q9EQA4
ACETOPHENONE;CC(=O)C1=CC=CC=C1;Olfr890;Q7TRD9
HELIONAL;CC(CC1=CC2=C(C=C1)OCO2)C=O;Olfr892;""""""
2-BROMOHEXANOIC ACID;CCCCC(C(=O)O)Br;Olfr895;Q8VGD5
2-PHENYLETHYL ACETATE;CC(=O)OCCC1=CC=CC=C1;Olfr895;Q8VGD5
4-CHROMANONE;C1COC2=CC=CC=C2C1=O;Olfr895;Q8VGD5
4-ETHYLPHENOL;CCC1=CC=C(C=C1)O;Olfr895;Q8VGD5
ACETOPHENONE;CC(=O)C1=CC=CC=C1;Olfr895;Q8VGD5
ANISALDEHYDE;COC1=CC=C(C=C1)C=O;Olfr895;Q8VGD5
BENZYL ACETATE;CC(=O)OCC1=CC=CC=C1;Olfr895;Q8VGD5
BENZYL BENZOATE;C1=CC=C(C=C1)COC(=O)C2=CC=CC=C2;Olfr895;Q8VGD5
(-)-CARVONE;CC1=CC[C@H](CC1=O)C(=C)C;Olfr895;Q8VGD5
CINNAMYL ALCOHOL;C1=CC=C(C=C1)/C=C/CO;Olfr895;Q8VGD5
COUMARIN;C1=CC=C2C(=C1)C=CC(=O)O2;Olfr895;Q8VGD5
DIMETHYL ANTHRANILATE;CNC1=CC=CC=C1C(=O)OC;Olfr895;Q8VGD5
ETHYL MALTOL;CCC1=C(C(=O)C=CO1)O;Olfr895;Q8VGD5
EUGENOL;COC1=C(C=CC(=C1)CC=C)O;Olfr895;Q8VGD5
EUGENOL METHYL ETHER;COC1=C(C=C(C=C1)CC=C)OC;Olfr895;Q8VGD5
HELIONAL;CC(CC1=CC2=C(C=C1)OCO2)C=O;Olfr895;Q8VGD5
PIPERONAL;C1OC2=C(O1)C=C(C=C2)C=O;Olfr895;Q8VGD5
PIPERONYL ACETATE;CC(=O)OCC1=CC2=C(C=C1)OCO2;Olfr895;Q8VGD5
QUINOLINE;C1=CC=C2C(=C1)C=CC=N2;Olfr895;Q8VGD5
VANILLIN;COC1=C(C=CC(=C1)C=O)O;Olfr895;Q8VGD5
ACETOPHENONE;CC(=O)C1=CC=CC=C1;Olfr904;Q7TRC9
DECANEDIOIC ACID;C(CCCCC(=O)O)CCCC(=O)O;Olfr911-ps1;A0A140T8K0
OCTYL FORMATE;CCCCCCCCOC=O;Olfr911-ps1;A0A140T8K0
EUGENOL;COC1=C(C=CC(=C1)CC=C)O;Olfr913;Q7TRC4
ACETOPHENONE;CC(=O)C1=CC=CC=C1;Olfr920;Q3V3H8
ACETOPHENONE;CC(=O)C1=CC=CC=C1;Olfr923;Q7TRB9
COUMARIN;C1=CC=C2C(=C1)C=CC(=O)O2;Olfr924;Q7TRB8
ACETOPHENONE;CC(=O)C1=CC=CC=C1;Olfr935;Q8VG16
EUGENOL;COC1=C(C=CC(=C1)CC=C)O;Olfr958;Q8VEY3
ISOMETHYLEUGENOL;C/C=C/C1=CC(=C(C=C1)OC)OC;Olfr958;Q8VEY3
METHYL ISOEUGENOL;CC=CC1=CC(=C(C=C1)OC)OC;Olfr958;Q8VEY3
EUGENOL;COC1=C(C=CC(=C1)CC=C)O;Olfr960;Q8VET5
EUGENOL;COC1=C(C=CC(=C1)CC=C)O;Olfr961;Q9EQ84
EUGENOL METHYL ETHER;COC1=C(C=C(C=C1)CC=C)OC;Olfr961;Q9EQ84
GUAIACOL;COC1=CC=CC=C1O;Olfr961;Q9EQ84
ISOEUGENOL;C/C=C/C1=CC(=C(C=C1)O)OC;Olfr961;Q9EQ84
EUGENOL;COC1=C(C=CC(=C1)CC=C)O;Olfr963;Q7TRA9
EUGENOL METHYL ETHER;COC1=C(C=C(C=C1)CC=C)OC;Olfr963;Q7TRA9
ISOEUGENOL;C/C=C/C1=CC(=C(C=C1)O)OC;Olfr963;Q7TRA9
VANILLIN;COC1=C(C=CC(=C1)C=O)O;Olfr963;Q7TRA9
ALLYL PHENYLACETATE;C=CCOC(=O)CC1=CC=CC=C1;Olfr979;Q8VH10
BENZYL ACETATE;CC(=O)OCC1=CC=CC=C1;Olfr979;Q8VH10
PHENYLACETATE;C1=CC=C(C=C1)CC(=O)[O-];Olfr979;Q8VH10
4-CHROMANONE;C1COC2=CC=CC=C2C1=O;Olfr983;Q7TRA3
ACETOPHENONE;CC(=O)C1=CC=CC=C1;Olfr983;Q7TRA3
BENZOPHENONE;C1=CC=C(C=C1)C(=O)C2=CC=CC=C2;Olfr983;Q7TRA3
COUMARIN;C1=CC=C2C(=C1)C=CC(=O)O2;Olfr983;Q7TRA3
(-)-CARVONE;CC1=CC[C@H](CC1=O)C(=C)C;Olfr987;Q7TRA2
CITRAL;CC(=CCC/C(=C/C=O)/C)C;Olfr987;Q7TRA2
NONANAL;CCCCCCCCC=O;Olfr987;Q7TRA2
NONANOIC ACID;CCCCCCCCC(=O)O;Olfr987;Q7TRA2
(-)-CARVONE;CC1=CC[C@H](CC1=O)C(=C)C;Olfr988;Q7TRA1
NONANOIC ACID;CCCCCCCCC(=O)O;Olfr988;Q7TRA1
1-DECANOL;CCCCCCCCCCO;Olfr992;Q8VGC6
1-HEPTANOL;CCCCCCCO;Olfr992;Q8VGC6
1-NONANOL;CCCCCCCCCO;Olfr992;Q8VGC6
1-OCTANOL;CCCCCCCCO;Olfr992;Q8VGC6
2-HEPTANONE;CCCCCC(=O)C;Olfr992;Q8VGC6
2-NONANONE;CCCCCCCC(=O)C;Olfr992;Q8VGC6
2-OCTANONE;CCCCCCC(=O)C;Olfr992;Q8VGC6
3-HEPTANONE;CCCCC(=O)CC;Olfr992;Q8VGC6
3-OCTANONE;CCCCCC(=O)CC;Olfr992;Q8VGC6
ALLYL PHENYLACETATE;C=CCOC(=O)CC1=CC=CC=C1;Olfr992;Q8VGC6
BENZYL ACETATE;CC(=O)OCC1=CC=CC=C1;Olfr992;Q8VGC6
BETA-CITRONELLOL;CC(CCC=C(C)C)CCO;Olfr992;Q8VGC6
(-)-CARVONE;CC1=CC[C@H](CC1=O)C(=C)C;Olfr992;Q8VGC6
(+)-CARVONE;CC1=CC[C@@H](CC1=O)C(=C)C;Olfr992;Q8VGC6
(+)-DIHYDROCARVONE;C[C@@H]1CC[C@H](CC1=O)C(=C)C;Olfr992;Q8VGC6
DECANOIC ACID;CCCCCCCCCC(=O)O;Olfr992;Q8VGC6
GAMMA-CAPROLACTONE;CCC1CCC(=O)O1;Olfr992;Q8VGC6
GERANIOL;CC(=CCCC(=CCO)C)C;Olfr992;Q8VGC6
NONANOIC ACID;CCCCCCCCC(=O)O;Olfr992;Q8VGC6
OCTANETHIOL;CCCCCCCCS;Olfr992;Q8VGC6
PHENYLACETATE;C1=CC=C(C=C1)CC(=O)[O-];Olfr992;Q8VGC6
PIPERONYL ACETATE;CC(=O)OCC1=CC2=C(C=C1)OCO2;Olfr992;Q8VGC6
PRENYL ACETATE;CC(=CCOC(=O)C)C;Olfr992;Q8VGC6
TERT-NONANETHIOL;CCCCCCCCCS;Olfr992;Q8VGC6
4-CHROMANONE;C1COC2=CC=CC=C2C1=O;Olfr994;Q8VF73
COUMARIN;C1=CC=C2C(=C1)C=CC(=O)O2;Olfr994;Q8VF73
DECANAL;CCCCCCCCCC=O;Olr226;P23270
HEPTANAL;CCCCCCC=O;Olr226;P23270
NONANAL;CCCCCCCCC=O;Olr226;P23270
OCTANAL;CCCCCCCC=O;Olr226;P23270
UNDECANAL;CCCCCCCCCCC=O;Olr226;P23270
4-CYCLOBUTYLBUTANAL;C1CC(C1)CCCC=O;Olr392;D3ZB67
3-PHENYLPROPYL PROPIONATE;CCC(=O)OCCCC1=CC=CC=C1;OR10A6;Q8NH74
ANDROSTADIENONE;C[C@]12CCC(=O)C[C@@H]1CC[C@@H]3[C@@H]2CC[C@]4([C@H]3CCC4=O)C;OR10A6;Q8NH74
ISOEUGENOL;C/C=C/C1=CC(=C(C=C1)O)OC;OR10A6;Q8NH74
CINNAMON;C/C=C/C1=CC=CC=C1.COC1=C(C=CC(=C1)CC=C)O;OR10AG1;Q8NH19
2-ETHYL FENCHOL;CCC1(C(C2CCC1(C2)C)(C)C)O;OR10C1;Q96KK4
CINNAMALDEYDE;C1=CC=C(C=C1)/C=C/C=O;OR10G3;Q8NGC4
ETHYL VANILLIN;CCOC1=C(C=CC(=C1)C=O)O;OR10G3;Q8NGC4
EUGENOL;COC1=C(C=CC(=C1)CC=C)O;OR10G3;Q8NGC4
EUGENOL ACETATE;CC(=O)OC1=C(C=C(C=C1)CC=C)OC;OR10G3;Q8NGC4
VANILLIN;COC1=C(C=CC(=C1)C=O)O;OR10G3;Q8NGC4
ACETOPHENONE;CC(=O)C1=CC=CC=C1;OR10G4;Q8NGN3
COUMARIN;C1=CC=C2C(=C1)C=CC(=O)O2;OR10G4;Q8NGN3
ETHYL VANILLIN;CCOC1=C(C=CC(=C1)C=O)O;OR10G4;Q8NGN3
EUGENOL;COC1=C(C=CC(=C1)CC=C)O;OR10G4;Q8NGN3
GUAIACOL;COC1=CC=CC=C1O;OR10G4;Q8NGN3
VANILLIN;COC1=C(C=CC(=C1)C=O)O;OR10G4;Q8NGN3
2-METHOXY-4-METHYLPHENOL;CC1=CC(=C(C=C1)O)OC;OR10G7;Q8NGN6
ACETOPHENONE;CC(=O)C1=CC=CC=C1;OR10G7;Q8NGN6
ETHYL VANILLIN;CCOC1=C(C=CC(=C1)C=O)O;OR10G7;Q8NGN6
EUGENOL;COC1=C(C=CC(=C1)CC=C)O;OR10G7;Q8NGN6
EUGENOL ACETATE;CC(=O)OC1=C(C=C(C=C1)CC=C)OC;OR10G7;Q8NGN6
EUGENOL METHYL ETHER;COC1=C(C=C(C=C1)CC=C)OC;OR10G7;Q8NGN6
GUAIACOL;COC1=CC=CC=C1O;OR10G7;Q8NGN6
JASMINE OIL;C/C=C\CC1=C(CCC1)C;OR10G7;Q8NGN6
NONANAL;CCCCCCCCC=O;OR10G8;Q8NGN5
SANDALWOOD;CC(=CCC[C@@]1([C@H]2CC[C@H](C2)C1=C)C)CO.CC(=CCC[C@@]1(C2C[C@@H]3C1(C3C2)C)C)CO;OR10H1;Q9Y4A9
SANDRANOL;CC/C(=C\CC1CC=C(C1(C)C)C)/CO;OR10H1;Q9Y4A9
CINNAMALDEYDE;C1=CC=C(C=C1)/C=C/C=O;OR10H2;O60403
GERANYL ACETATE;CC(=CCC/C(=C/COC(=O)C)/C)C;OR10H2;O60403
EUGENOL;COC1=C(C=CC(=C1)CC=C)O;OR10H5;Q8NGA6
ALPHA-CEDRENE;C[C@@H]1CC[C@@H]2[C@]13CC=C([C@H](C3)C2(C)C)C;OR10J5;Q8NHC4
BOURGEONAL;CC(C)(C)C1=CC=C(C=C1)CCC=O;OR10J5;Q8NHC4
LYRAL;CC(C)(CCCC1=CCC(CC1)C=O)O;OR10J5;Q8NHC4
2-ETHYL FENCHOL;CCC1(C(C2CCC1(C2)C)(C)C)O;OR10Q1;Q8NGQ4
2,3-BUTANEDIONE;CC(=O)C(=O)C;OR10R2;Q8NGX6
2-BUTANONE;CCC(=O)C;OR10R2;Q8NGX6
LILIAL;CC(CC1=CC=C(C=C1)C(C)(C)C)C=O;OR10S1;Q8NGN2
NONANAL;CCCCCCCCC=O;OR10S1;Q8NGN2
(-)-MENTHOL;C[C@@H]1CC[C@H]([C@@H](C1)O)C(C)C;OR10X1;Q8NGY0
2,3-BUTANEDIONE;CC(=O)C(=O)C;OR10Z1;Q8NGY1
2-BUTANONE;CCC(=O)C;OR10Z1;Q8NGY1
2-ETHYL FENCHOL;CCC1(C(C2CCC1(C2)C)(C)C)O;OR11A1;Q9GZK7
ISOVALERIC ACID;CC(C)CC(=O)O;OR11H1;Q8NG94
ACETOPHENONE;CC(=O)C1=CC=CC=C1;OR11H12;B2RN74
(-)-CARVONE;CC1=CC[C@H](CC1=O)C(=C)C;OR11H12;B2RN74
COUMARIN;C1=CC=C2C(=C1)C=CC(=O)O2;OR11H12;B2RN74
ISOVALERIC ACID;CC(C)CC(=O)O;OR11H4;Q8NGC9
ISOVALERIC ACID;CC(C)CC(=O)O;OR11H6;Q8NGC7
ISOVALERIC ACID;CC(C)CC(=O)O;OR11H7;Q8NGC8
1-DECANOL;CCCCCCCCCCO;OR11H7;Q8NGC8
1-HEPTANOL;CCCCCCCO;OR11H7;Q8NGC8
2-HEPTANONE;CCCCCC(=O)C;OR11H7;Q8NGC8
2-NONANONE;CCCCCCCC(=O)C;OR11H7;Q8NGC8
2-OCTANONE;CCCCCCC(=O)C;OR11H7;Q8NGC8
(-)-CARVEOL;CC1=CCC(CC1O)C(=C)C;OR11H7;Q8NGC8
(-)-CARVONE;CC1=CC[C@H](CC1=O)C(=C)C;OR11H7;Q8NGC8
(+)-CARVONE;CC1=CC[C@@H](CC1=O)C(=C)C;OR11H7;Q8NGC8
(-)-CITRONELLAL;C[C@@H](CCC=C(C)C)CC=O;OR11H7;Q8NGC8
(-)-CITRONELLOL;C[C@@H](CCC=C(C)C)CCO;OR11H7;Q8NGC8
(+)-CITRONELLOL;C[C@H](CCC=C(C)C)CCO;OR11H7;Q8NGC8
(+)-DIHYDROCARVONE;C[C@@H]1CC[C@H](CC1=O)C(=C)C;OR11H7;Q8NGC8
(+)-MENTHOL;C[C@H]1CC[C@@H]([C@H](C1)O)C(C)C;OR11H7;Q8NGC8
2-ETHYL FENCHOL;CCC1(C(C2CCC1(C2)C)(C)C)O;OR12D2;P58182
CITRAL;CC(=CCC/C(=C/C=O)/C)C;OR13C8;Q8NGS7
BUTYRIC ACID;CCCC(=O)O;OR13G1;Q8NGZ3
GERANYL ACETATE;CC(=CCC/C(=C/COC(=O)C)/C)C;OR14A16;Q8NHC5
SANDALWOOD;CC(=CCC[C@@]1([C@H]2CC[C@H](C2)C1=C)C)CO.CC(=CCC[C@@]1(C2C[C@@H]3C1(C3C2)C)C)CO;OR14A16;Q8NHC5
2-DECENAL;CCCCCCC/C=C/C=O ;OR14A2;Q96R54
3-HEXENOL;CC/C=C\CCO;OR14J1;Q9UGF5
HEXANOIC ACID;CCCCCC(=O)O;OR14J1;Q9UGF5
1-DECANOL;CCCCCCCCCCO;OR1A1;Q9P1Q5
1-HEPTANOL;CCCCCCCO;OR1A1;Q9P1Q5
1-OCTANOL;CCCCCCCCO;OR1A1;Q9P1Q5
(R)-1-OCTEN-3-OL;CCCCC[C@H](C=C)O;OR1A1;Q9P1Q5
(S)-1-OCTEN-3-OL;CCCCC[C@@H](C=C)O;OR1A1;Q9P1Q5
2,4-NONANEDIONE;CCCCCC(=O)CC(=O)C;OR1A1;Q9P1Q5
2-HEPTANONE;CCCCCC(=O)C;OR1A1;Q9P1Q5
2-NONANONE;CCCCCCCC(=O)C;OR1A1;Q9P1Q5
2-OCTANONE;CCCCCCC(=O)C;OR1A1;Q9P1Q5
2-PENTYLPYRIDINE;CCCCCC1=CC=CC=N1;OR1A1;Q9P1Q5
2-PHENYLETHANETHIOL;C1=CC=C(C=C1)CCS;OR1A1;Q9P1Q5
2-PHENYLETHYL ACETATE;CC(=O)OCCC1=CC=CC=C1;OR1A1;Q9P1Q5
3-HEPTANONE;CCCCC(=O)CC;OR1A1;Q9P1Q5
3-MERCAPTOHEXYL ACETATE;CCCC(CCOC(=O)C)S;OR1A1;Q9P1Q5
3-METHYL-2,4-NONADENIONE;CCCCCC(=O)C(C)C(=O)C;OR1A1;Q9P1Q5
3-OCTANONE;CCCCCC(=O)CC;OR1A1;Q9P1Q5
3-PHENYLPROPYL PROPIONATE;CCC(=O)OCCCC1=CC=CC=C1;OR1A1;Q9P1Q5
4-CHROMANONE;C1COC2=CC=CC=C2C1=O;OR1A1;Q9P1Q5
4-DECENAL;CCCCC/C=C/CCC=O;OR1A1;Q9P1Q5
ACETOPHENONE;CC(=O)C1=CC=CC=C1;OR1A1;Q9P1Q5
ALLYL HEPTANOATE;CCCCCCC(=O)OCC=C;OR1A1;Q9P1Q5
ALLYL PHENYLACETATE;C=CCOC(=O)CC1=CC=CC=C1;OR1A1;Q9P1Q5
ANDROSTADIENONE;C[C@]12CCC(=O)C[C@@H]1CC[C@@H]3[C@@H]2CC[C@]4([C@H]3CCC4=O)C;OR1A1;Q9P1Q5
ANETHOLE;C/C=C/C1=CC=C(C=C1)OC;OR1A1;Q9P1Q5
BENZOPHENONE;C1=CC=C(C=C1)C(=O)C2=CC=CC=C2;OR1A1;Q9P1Q5
BENZYL ACETATE;CC(=O)OCC1=CC=CC=C1;OR1A1;Q9P1Q5
BETA-CITRONELLOL;CC(CCC=C(C)C)CCO;OR1A1;Q9P1Q5
BETA-DAMASCONE;C/C=C/C(=O)C1=C(CCCC1(C)C)C;OR1A1;Q9P1Q5
BOURGEONAL;CC(C)(C)C1=CC=C(C=C1)CCC=O;OR1A1;Q9P1Q5
BUTYL ANTHRANILATE;CCCCOC(=O)C1=CC=CC=C1N;OR1A1;Q9P1Q5
(-)-CARVEOL;CC1=CCC(CC1O)C(=C)C;OR1A1;Q9P1Q5
(-)-CARVONE;CC1=CC[C@H](CC1=O)C(=C)C;OR1A1;Q9P1Q5
(+)-CARVONE;CC1=CC[C@@H](CC1=O)C(=C)C;OR1A1;Q9P1Q5
(-)-CITRONELLAL;C[C@@H](CCC=C(C)C)CC=O;OR1A1;Q9P1Q5
(-)-CITRONELLOL;C[C@@H](CCC=C(C)C)CCO;OR1A1;Q9P1Q5
(+)-CITRONELLOL;C[C@H](CCC=C(C)C)CCO;OR1A1;Q9P1Q5
CINNAMALDEYDE;C1=CC=C(C=C1)/C=C/C=O;OR1A1;Q9P1Q5
CITRAL;CC(=CCC/C(=C/C=O)/C)C;OR1A1;Q9P1Q5
COUMARIN;C1=CC=C2C(=C1)C=CC(=O)O2;OR1A1;Q9P1Q5
(+)-DIHYDROCARVONE;C[C@@H]1CC[C@H](CC1=O)C(=C)C;OR1A1;Q9P1Q5
DIFURFURYL DISULFIDE (coffee difuran);C1=COC(=C1)CSSCC2=CC=CO2;OR1A1;Q9P1Q5
DIHYDROJASMONE;CCCCCC1=C(CCC1=O)C;OR1A1;Q9P1Q5
ESTRAGOLE;COC1=CC=C(C=C1)CC=C;OR1A1;Q9P1Q5
ETHYL CYCLOHEXANECARBOXYLATE;CCOC(=O)C1CCCCC1;OR1A1;Q9P1Q5
ETHYL HEXANOATE;CCCCCC(=O)OCC;OR1A1;Q9P1Q5
ETHYLENE BRASSYLATE;C1CCCCCC(=O)OCCOC(=O)CCCCC1;OR1A1;Q9P1Q5
EUGENOL;COC1=C(C=CC(=C1)CC=C)O;OR1A1;Q9P1Q5
GAMMA-DECALACTONE;CCCCCCC1CCC(=O)O1;OR1A1;Q9P1Q5
GERANIOL;CC(=CCCC(=CCO)C)C;OR1A1;Q9P1Q5
GERANYL ACETATE;CC(=CCC/C(=C/COC(=O)C)/C)C;OR1A1;Q9P1Q5
HELIONAL;CC(CC1=CC2=C(C=C1)OCO2)C=O;OR1A1;Q9P1Q5
HEPTANAL;CCCCCCC=O;OR1A1;Q9P1Q5
HEXANOIC ACID;CCCCCC(=O)O;OR1A1;Q9P1Q5
HYDROXY-CITRONELLAL;CC(CCCC(C)(C)O)CC=O;OR1A1;Q9P1Q5
LIMONENE;CC1=CCC(CC1)C(=C)C;OR1A1;Q9P1Q5
(-)-MENTHONE;C[C@@H]1CC[C@H](C(=O)C1)C(C)C;OR1A1;Q9P1Q5
(+)-MENTHONE;C[C@H]1CC[C@@H](C(=O)C1)C(C)C;OR1A1;Q9P1Q5
METHYL FURFURYL DiSULFIDE;CSSCC1=CC=CO1;OR1A1;Q9P1Q5
OCTANAL;CCCCCCCC=O;OR1A1;Q9P1Q5
OCTANETHIOL;CCCCCCCCS;OR1A1;Q9P1Q5
QUINOLINE;C1=CC=C2C(=C1)C=CC=N2;OR1A1;Q9P1Q5
SHOYU PYRAZINE;CCC1=NC=CN=C1CC;OR1A1;Q9P1Q5
TERPINEOL;CC1=CCC(CC1)C(C)(C)O;OR1A1;Q9P1Q5
TERPINYL ACETATE;CC1=CCC(CC1)C(C)(C)OC(=O)C;OR1A1;Q9P1Q5
TERT-NONANETHIOL;CCCCCCCCCS;OR1A1;Q9P1Q5
NONANAL;CCCCCCCCC=O;OR1A1;Q9P1Q5
1-OCTANOL;CCCCCCCCO;OR1A2;Q9Y585
4-DECENAL;CCCCC/C=C/CCC=O;OR1A2;Q9Y585
(-)-CARVEOL;CC1=CCC(CC1O)C(=C)C;OR1A2;Q9Y585
(-)-CITRONELLAL;C[C@@H](CCC=C(C)C)CC=O;OR1A2;Q9Y585
(-)-CITRONELLOL;C[C@@H](CCC=C(C)C)CCO;OR1A2;Q9Y585
(+)-CITRONELLOL;C[C@H](CCC=C(C)C)CCO;OR1A2;Q9Y585
CITRAL;CC(=CCC/C(=C/C=O)/C)C;OR1A2;Q9Y585
GERANIOL;CC(=CCCC(=CCO)C)C;OR1A2;Q9Y585
HELIONAL;CC(CC1=CC2=C(C=C1)OCO2)C=O;OR1A2;Q9Y585
HEPTANAL;CCCCCCC=O;OR1A2;Q9Y585
HYDROXY-CITRONELLAL;CC(CCCC(C)(C)O)CC=O;OR1A2;Q9Y585
NONANAL;CCCCCCCCC=O;OR1A2;Q9Y585
OCTANAL;CCCCCCCC=O;OR1A2;Q9Y585
ANDROSTENONE;C[C@]12CC[C@H]3[C@H]([C@@H]1CC=C2)CC[C@@H]4[C@@]3(CCC(=O)C4)C;OR1C1;Q15619
COUMARIN;C1=CC=C2C(=C1)C=CC(=O)O2;OR1C1;Q15619
LINALOOL;CC(=CCCC(C)(C=C)O)C;OR1C1;Q15619
NONANOIC ACID;CCCCCCCCC(=O)O;OR1C1;Q15619
4-PHENTLBUTANAL;C1=CC=C(C=C1)CCCC=O;OR1D2;P34982
4-TERT-BUTYLPHENOXY ACETALDEHYDE;CC(C)(C)C1=CC=C(C=C1)OCC=O;OR1D2;P34982
BOURGEONAL;CC(C)(C)C1=CC=C(C=C1)CCC=O;OR1D2;P34982
CYCLAMAL;CC(C)C1=CC=C(C=C1)CC(C)C=O;OR1D2;P34982
FLORALAZONE;CCC1=CC=C(C=C1)CC(C)(C)C=O;OR1D2;P34982
FOLIAVER;CC(CC1=CC=C(C=C1)OC)C=O;OR1D2;P34982
GERANYL ACETATE;CC(=CCC/C(=C/COC(=O)C)/C)C;OR1D2;P34982
HYDROCYNNAMALDEHYDE;C1=CC=C(C=C1)CCC=O;OR1D2;P34982
LILIAL;CC(CC1=CC=C(C=C1)C(C)(C)C)C=O;OR1D2;P34982
PHENYL ACETALDEHYDE;C1=CC=C(C=C1)CC=O;OR1D2;P34982
TRIFERNAL;CC(CC=O)C1=CC=CC=C1;OR1D2;P34982
EUGENOL;COC1=C(C=CC(=C1)CC=C)O;OR1D5;P58170
ISOVALERIC ACID;CC(C)CC(=O)O;OR1E1;P30953
ACETOPHENONE;CC(=O)C1=CC=CC=C1;OR1E3;Q8WZA6
1-DECANOL;CCCCCCCCCCO;OR1G1;P47890
1-DODECANOL;CCCCCCCCCCCCO;OR1G1;P47890
1-HEPTANOL;CCCCCCCO;OR1G1;P47890
1-HEXANOL;CCCCCCO;OR1G1;P47890
1-NONANOL;CCCCCCCCCO;OR1G1;P47890
1-OCTANOL;CCCCCCCCO;OR1G1;P47890
2-ETHYLHEXANOL;CCCCC(CC)CO;OR1G1;P47890
2-ISOBUTYL-3-METHOXYPYRAZINE;CC(C)CC1=NC=CN=C1OC;OR1G1;P47890
2-METHYLPYRAZINE;CC1=NC=CN=C1;OR1G1;P47890
2-NONANOL;CCCCCCCC(C)O;OR1G1;P47890
2-NONANONE;CCCCCCCC(=O)C;OR1G1;P47890
2-OCTANOL;CCCCCCC(C)O;OR1G1;P47890
2-UNDECANONE;CCCCCCCCCC(=O)C;OR1G1;P47890
3-NONANONE;CCCCCCC(=O)CC;OR1G1;P47890
3-OCTANOL;CCCCCC(CC)O;OR1G1;P47890
4-OCTANOL;CCCCC(CCC)O;OR1G1;P47890
9-DECENOL;C=CCCCCCCCCO;OR1G1;P47890
ACETOIN;CC(C(=O)C)O;OR1G1;P47890
ACETOPHENONE;CC(=O)C1=CC=CC=C1;OR1G1;P47890
ANETHOLE;C/C=C/C1=CC=C(C=C1)OC;OR1G1;P47890
BENZALDEHYDE;C1=CC=C(C=C1)C=O;OR1G1;P47890
BENZOTHIAZOLE;C1=CC=C2C(=C1)N=CS2;OR1G1;P47890
BENZYL ALCOHOL;C1=CC=C(C=C1)CO;OR1G1;P47890
BETA-IONONE;CC1=C(C(CCC1)(C)C)/C=C/C(=O)C;OR1G1;P47890
(-)-CITRONELLAL;C[C@@H](CCC=C(C)C)CC=O;OR1G1;P47890
(+)-CITRONELLOL;C[C@H](CCC=C(C)C)CCO;OR1G1;P47890
CINNAMALDEYDE;C1=CC=C(C=C1)/C=C/C=O;OR1G1;P47890
CITRAL;CC(=CCC/C(=C/C=O)/C)C;OR1G1;P47890
COUMARIN;C1=CC=C2C(=C1)C=CC(=O)O2;OR1G1;P47890
DECANAL;CCCCCCCCCC=O;OR1G1;P47890
DECANOIC ACID;CCCCCCCCCC(=O)O;OR1G1;P47890
DODECANAL;CCCCCCCCCCCC=O;OR1G1;P47890
ETHYL-2-METHYLPENTANOATE;CCCC(C)C(=O)OCC;OR1G1;P47890
ETHYL BUTYRATE;CCCC(=O)OCC;OR1G1;P47890
ETHYL DECANOATE;CCCCCCCCCC(=O)OCC;OR1G1;P47890
ETHYL ISOBUTYRATE;CCOC(=O)C(C)C;OR1G1;P47890
ETHYL NONANOATE;CCCCCCCCC(=O)OCC;OR1G1;P47890
ETHYL OCTANOATE;CCCCCCCC(=O)OCC;OR1G1;P47890
ETHYL VANILLIN;CCOC1=C(C=CC(=C1)C=O)O;OR1G1;P47890
EUGENOL ACETATE;CC(=O)OC1=C(C=C(C=C1)CC=C)OC;OR1G1;P47890
FLORALAZONE;CCC1=CC=C(C=C1)CC(C)(C)C=O;OR1G1;P47890
GAMMA-DECALACTONE;CCCCCCC1CCC(=O)O1;OR1G1;P47890
GAMMA-NONALACTONE;CCCCCC1CCC(=O)O1;OR1G1;P47890
GERANIOL;CC(=CCCC(=CCO)C)C;OR1G1;P47890
GUAIACOL;COC1=CC=CC=C1O;OR1G1;P47890
HEDIONE;CCCCCC1C(CCC1=O)CC(=O)OC;OR1G1;P47890
HEPTANAL;CCCCCCC=O;OR1G1;P47890
HEXANAL;CCCCCC=O;OR1G1;P47890
ISOAMYL ACETATE;CC(C)CCOC(=O)C;OR1G1;P47890
LIMONENE;CC1=CCC(CC1)C(=C)C;OR1G1;P47890
LYRAL;CC(C)(CCCC1=CCC(CC1)C=O)O;OR1G1;P47890
MALTOL;CC1=C(C(=O)C=CO1)O;OR1G1;P47890
MALTYL ISOBUTYRATE;CC1=C(C(=O)C=CO1)OC(=O)C(C)C;OR1G1;P47890
METHYL DECANOATE;CCCCCCCCCC(=O)OC;OR1G1;P47890
METHYL NONANOATE;CCCCCCCCC(=O)OC;OR1G1;P47890
METHYL OCTANOATE;CCCCCCCC(=O)OC;OR1G1;P47890
METHYL THIOLBUTYRATE;CCCC(=O)SC;OR1G1;P47890
NONANAL;CCCCCCCCC=O;OR1G1;P47890
NONANEDYL DIACETATE;CCCCCCCCC(OC(=O)C)OC(=O)C;OR1G1;P47890
NONANOIC ACID;CCCCCCCCC(=O)O;OR1G1;P47890
OCTANAL;CCCCCCCC=O;OR1G1;P47890
OCTANOIC ACID;CCCCCCCC(=O)O;OR1G1;P47890
PIPERONYL ACETONE;CC(=O)CCC1=CC2=C(C=C1)OCO2;OR1G1;P47890
PYRAZINE;C1=CN=CC=N1;OR1G1;P47890
PYRIDINE;C1=CC=NC=C1;OR1G1;P47890
QUINOLINE;C1=CC=C2C(=C1)C=CC=N2;OR1G1;P47890
SAFROLE;C=CCC1=CC2=C(C=C1)OCO2;OR1G1;P47890
THIAZOLE;C1=CSC=N1;OR1G1;P47890
THYMOL;CC1=CC(=C(C=C1)C(C)C)O;OR1G1;P47890
TRIDECANAL;CCCCCCCCCCCCC=O;OR1G1;P47890
VANILLIN;COC1=C(C=CC(=C1)C=O)O;OR1G1;P47890
ISOEUGENOL;C/C=C/C1=CC(=C(C=C1)O)OC;OR1G9;""""""
ALPHA-DAMASCONE;C/C=C/C(=O)C1C(=CCCC1(C)C)C;OR1L3;Q8NH93
VANILLIN;COC1=C(C=CC(=C1)C=O)O;OR1L3;Q8NH93
CINNAMON;C/C=C/C1=CC=CC=C1.COC1=C(C=CC(=C1)CC=C)O;OR1N1;Q8NGS0
LINALOOL;CC(=CCCC(C)(C=C)O)C;OR1N2;Q8NGR9
JASMINE OIL;C/C=C\CC1=C(CCC1)C;OR1S2;Q8NGQ3
ANDROSTADIENONE;C[C@]12CCC(=O)C[C@@H]1CC[C@@H]3[C@@H]2CC[C@]4([C@H]3CCC4=O)C;OR2A25;A4D2G3
GERANYL ACETATE;CC(=CCC/C(=C/COC(=O)C)/C)C;OR2A25;A4D2G3
LINALOOL;CC(=CCCC(C)(C=C)O)C;OR2A25;A4D2G3
QUINOLINE;C1=CC=C2C(=C1)C=CC=N2;OR2A25;A4D2G3
CYCLOHEXYL SALICYLATE;C1CCC(CC1)OC(=O)C2=CC=CC=C2O;OR2A4;O95047
ALPHA-PINENE;CC1=CCC2CC1C2(C)C;OR2A7;Q96R45
CYCLOHEXYL SALICYLATE;C1CCC(CC1)OC(=O)C2=CC=CC=C2O;OR2A7;Q96R45
LILIAL;CC(CC1=CC=C(C=C1)C(C)(C)C)C=O;OR2A7;Q96R45
TERT-BUTYLBENZENE;CC(C)(C)C1=CC=CC=C1;OR2A7;Q96R45
AMYL BUTYRATE;CCCCCOC(=O)CCC;OR2AG1;Q9H205
BRAHMANOL;CC1=CCC(C1(C)C)CCC(C)CO;OR2AT4;A6NND4
ISOEUGENOL;C/C=C/C1=CC(=C(C=C1)O)OC;OR2AT4;A6NND4
OXYPHENYLON;CC(=O)CCC1=CC=C(C=C1)O;OR2AT4;A6NND4
PHENIRAT;CC(C)C(=O)OCCOC1=CC=CC=C1;OR2AT4;A6NND4
SANDALORE;CC1=CCC(C1(C)C)CCC(C)C(C)O;OR2AT4;A6NND4
1,3-BUTANE DITIOL;CC(CCS)S;OR2B11;Q5JQS5
4-HYDROXYCOUMARIN;C1=CC=C2C(=C1)C(=CC(=O)O2)O;OR2B11;Q5JQS5
CINNAMALDEYDE;C1=CC=C(C=C1)/C=C/C=O;OR2B11;Q5JQS5
COUMARIN;C1=CC=C2C(=C1)C=CC(=O)O2;OR2B11;Q5JQS5
DICYCLOHEXYL DISULFIDE;C1CCC(CC1)SSC2CCCCC2;OR2B11;Q5JQS5
DIFURFURYL DISULFIDE (coffee difuran);C1=COC(=C1)CSSCC2=CC=CO2;OR2B11;Q5JQS5
LIMONENE;CC1=CCC(CC1)C(=C)C;OR2B11;Q5JQS5
QUINOLINE;C1=CC=C2C(=C1)C=CC=N2;OR2B11;Q5JQS5
NONANEDIOIC ACID;C(CCCC(=O)O)CCCC(=O)O;OR2B2;Q9GZK3
OCTANEDIOIC ACID;C(CCCC(=O)O)CCC(=O)O;OR2B2;Q9GZK3
BETA-IONONE;CC1=C(C(CCC1)(C)C)/C=C/C(=O)C;OR2B3;O76000
EUGENOL ACETATE;CC(=O)OC1=C(C=C(C=C1)CC=C)OC;OR2B3;O76000
NEROLIDOL;CC(=CCC/C(=C/CCC(C)(C=C)O)/C)C;OR2B3;O76000
ACETOPHENONE;CC(=O)C1=CC=CC=C1;OR2C1;O95371
CINNAMALDEYDE;C1=CC=C(C=C1)/C=C/C=O;OR2C1;O95371
COUMARIN;C1=CC=C2C(=C1)C=CC(=O)O2;OR2C1;O95371
EUGENOL;COC1=C(C=CC(=C1)CC=C)O;OR2C1;O95371
OCTANETHIOL;CCCCCCCCS;OR2C1;O95371
TERT-NONANETHIOL;CCCCCCCCCS;OR2C1;O95371
EUGENOL ACETATE;CC(=O)OC1=C(C=C(C=C1)CC=C)OC;OR2F1;Q13607
ALPHA-DAMASCONE;C/C=C/C(=O)C1C(=CCCC1(C)C)C;OR2G2;Q8NGZ5
CINNAMALDEYDE;C1=CC=C(C=C1)/C=C/C=O;OR2G2;Q8NGZ5
MALTYL ISOBUTYRATE;CC1=C(C(=O)C=CO1)OC(=O)C(C)C;OR2G2;Q8NGZ5
VANILLIN;COC1=C(C=CC(=C1)C=O)O;OR2G2;Q8NGZ5
1-DECANOL;CCCCCCCCCCO;OR2J2;O76002
1-HEPTANOL;CCCCCCCO;OR2J2;O76002
1-NONANOL;CCCCCCCCCO;OR2J2;O76002
1-OCTANOL;CCCCCCCCO;OR2J2;O76002
2-METHOXY PYRAZINE;COC1=NC=CN=C1;OR2J2;O76002
2-NONANONE;CCCCCCCC(=O)C;OR2J2;O76002
3-HEXENOL;CC/C=C\CCO;OR2J2;O76002
3-PHENYLPROPYL PROPIONATE;CCC(=O)OCCCC1=CC=CC=C1;OR2J2;O76002
4-HYDROXYCOUMARIN;C1=CC=C2C(=C1)C(=CC(=O)O2)O;OR2J2;O76002
ACETOPHENONE;CC(=O)C1=CC=CC=C1;OR2J2;O76002
ANDROSTADIENONE;C[C@]12CCC(=O)C[C@@H]1CC[C@@H]3[C@@H]2CC[C@]4([C@H]3CCC4=O)C;OR2J2;O76002
ANDROSTENONE;C[C@]12CC[C@H]3[C@H]([C@@H]1CC=C2)CC[C@@H]4[C@@]3(CCC(=O)C4)C;OR2J2;O76002
BUTYL ANTHRANILATE;CCCCOC(=O)C1=CC=CC=C1N;OR2J2;O76002
(+)-CARVONE;CC1=CC[C@@H](CC1=O)C(=C)C;OR2J2;O76002
CINNAMALDEYDE;C1=CC=C(C=C1)/C=C/C=O;OR2J2;O76002
CITRAL;CC(=CCC/C(=C/C=O)/C)C;OR2J2;O76002
COUMARIN;C1=CC=C2C(=C1)C=CC(=O)O2;OR2J2;O76002
CYCLOHEXANONE;C1CCC(=O)CC1;OR2J2;O76002
DIFURFURYL DISULFIDE (coffee difuran);C1=COC(=C1)CSSCC2=CC=CO2;OR2J2;O76002
ETHYL VANILLIN;CCOC1=C(C=CC(=C1)C=O)O;OR2J2;O76002
EUGENOL;COC1=C(C=CC(=C1)CC=C)O;OR2J2;O76002
EUGENOL ACETATE;CC(=O)OC1=C(C=C(C=C1)CC=C)OC;OR2J2;O76002
EUGENOL METHYL ETHER;COC1=C(C=C(C=C1)CC=C)OC;OR2J2;O76002
GERANYL ACETATE;CC(=CCC/C(=C/COC(=O)C)/C)C;OR2J2;O76002
HELIONAL;CC(CC1=CC2=C(C=C1)OCO2)C=O;OR2J2;O76002
ISOEUGENOL;C/C=C/C1=CC(=C(C=C1)O)OC;OR2J2;O76002
(+)-MENTHOL;C[C@H]1CC[C@@H]([C@H](C1)O)C(C)C;OR2J2;O76002
NONANAL;CCCCCCCCC=O;OR2J2;O76002
OCTANETHIOL;CCCCCCCCS;OR2J2;O76002
PHENYL ACETALDEHYDE;C1=CC=C(C=C1)CC=O;OR2J2;O76002
QUINOLINE;C1=CC=C2C(=C1)C=CC=N2;OR2J2;O76002
VANILLIN;COC1=C(C=CC(=C1)C=O)O;OR2J2;O76002
1-OCTANOL;CCCCCCCCO;OR2J3;O76001
2-NONANONE;CCCCCCCC(=O)C;OR2J3;O76001
3-HEXENOL;CC/C=C\CCO;OR2J3;O76001
3-PHENYLPROPYL PROPIONATE;CCC(=O)OCCCC1=CC=CC=C1;OR2J3;O76001
ACETOPHENONE;CC(=O)C1=CC=CC=C1;OR2J3;O76001
AMYL ACETATE;CCCCCOC(=O)C;OR2J3;O76001
BROMOOCTANOIC ACID;C(CCCC(=O)O)CCCBr;OR2J3;O76001
CINNAMALDEYDE;C1=CC=C(C=C1)/C=C/C=O;OR2J3;O76001
CITRAL;CC(=CCC/C(=C/C=O)/C)C;OR2J3;O76001
COUMARIN;C1=CC=C2C(=C1)C=CC(=O)O2;OR2J3;O76001
DIFURFURYL DISULFIDE (coffee difuran);C1=COC(=C1)CSSCC2=CC=CO2;OR2J3;O76001
ETHYLENE BRASSYLATE;C1CCCCCC(=O)OCCOC(=O)CCCCC1;OR2J3;O76001
EUGENOL;COC1=C(C=CC(=C1)CC=C)O;OR2J3;O76001
EUGENOL METHYL ETHER;COC1=C(C=C(C=C1)CC=C)OC;OR2J3;O76001
GERANYL ACETATE;CC(=CCC/C(=C/COC(=O)C)/C)C;OR2J3;O76001
HELIONAL;CC(CC1=CC2=C(C=C1)OCO2)C=O;OR2J3;O76001
HEPTANOIC ACID;CCCCCCC(=O)O;OR2J3;O76001
NONANOIC ACID;CCCCCCCCC(=O)O;OR2J3;O76001
OCTANOIC ACID;CCCCCCCC(=O)O;OR2J3;O76001
QUINOLINE;C1=CC=C2C(=C1)C=CC=N2;OR2J3;O76001
(-)-CARVONE;CC1=CC[C@H](CC1=O)C(=C)C;OR2L13;Q8N349
(+)-CARVONE;CC1=CC[C@@H](CC1=O)C(=C)C;OR2L13;Q8N349
(-)-CITRONELLAL;C[C@@H](CCC=C(C)C)CC=O;OR2L13;Q8N349
DECANOIC ACID;CCCCCCCCCC(=O)O;OR2L13;Q8N349
EUGENOL;COC1=C(C=CC(=C1)CC=C)O;OR2L13;Q8N349
HEXANAL;CCCCCC=O;OR2L13;Q8N349
(-)-CITRONELLOL;C[C@@H](CCC=C(C)C)CCO;OR2M2;Q96R28
3-MERCAPTO-2-METHYLBUTAN-1-OL;CC(CO)C(C)S;OR2M3;Q8NG83
3-MERCAPTO-2-METHYLHEXAN-1-OL;CCCC(C(C)CO)S;OR2M3;Q8NG83
3-MERCAPTO-2-METHYLPENTAN-1-OL;CCC(C(C)CO)S;OR2M3;Q8NG83
ALPHA-DAMASCONE;C/C=C/C(=O)C1C(=CCCC1(C)C)C;OR2M4;Q96R27
CINNAMALDEYDE;C1=CC=C(C=C1)/C=C/C=O;OR2M4;Q96R27
CRESYL METHYL ETHER;CC1=CC=CC=C1OC;OR2M4;Q96R27
ESTRAGOLE;COC1=CC=C(C=C1)CC=C;OR2M4;Q96R27
FRUCTONE;CCOC(=O)CC1(OCCO1)C;OR2M4;Q96R27
NEROLIDOL;CC(=CCC/C(=C/CCC(C)(C=C)O)/C)C;OR2M4;Q96R27
VANILLIN;COC1=C(C=CC(=C1)C=O)O;OR2M4;Q96R27
BETA-CITRONELLOL;CC(CCC=C(C)C)CCO;OR2M7;Q8NG81
(-)-CITRONELLOL;C[C@@H](CCC=C(C)C)CCO;OR2M7;Q8NG81
GERANIOL;CC(=CCCC(=CCO)C)C;OR2M7;Q8NG81
ISOEUGENOL;C/C=C/C1=CC(=C(C=C1)O)OC;OR2S2;Q9NQN1
BUTYRIC ACID;CCCC(=O)O;OR2T1;O43869
ALPHA-DAMASCONE;C/C=C/C(=O)C1C(=CCCC1(C)C)C;OR2T10;Q8NGZ9
CINNAMALDEYDE;C1=CC=C(C=C1)/C=C/C=O;OR2T10;Q8NGZ9
MALTYL ISOBUTYRATE;CC1=C(C(=O)C=CO1)OC(=O)C(C)C;OR2T10;Q8NGZ9
NONANAL;CCCCCCCCC=O;OR2T10;Q8NGZ9
TERPINYL ACETATE;CC1=CCC(CC1)C(C)(C)OC(=O)C;OR2T10;Q8NGZ9
VANILLIN;COC1=C(C=CC(=C1)C=O)O;OR2T10;Q8NGZ9
1-(METHYLTHIO)ETHANETHIOL;CC(S)SC;OR2T11;Q8NH01
1-PROPANETHIOL;CCCS;OR2T11;Q8NH01
2,3,5-TRITHIAHEXANE;CSCSSC;OR2T11;Q8NH01
2-BUTANETHIOL;CCC(C)S;OR2T11;Q8NH01
2-METHYL-1-PROPANETHIOL;CC(C)CS;OR2T11;Q8NH01
2-METHYL-2-PROPANETHIOL;CC(C)(C)S;OR2T11;Q8NH01
2-PROPANETHIOL;CC(C)S;OR2T11;Q8NH01
2-TETRAHYDROTHIOPHENETHIOL;C1CC(SC1)S;OR2T11;Q8NH01
3-METHYL-2-BUTANETHIOL;CC(C)C(C)S;OR2T11;Q8NH01
ALLYL MERCAPTAN;C=CCS;OR2T11;Q8NH01
BIS(METHYLTHIOMETHYL)DISULFIDE;CSCSSCSC;OR2T11;Q8NH01
ETHANETHIOL;CCS;OR2T11;Q8NH01
METHYLTHIOMETHYLMERCAPTAN;CSCS;OR2T11;Q8NH01
THIETHANE;C1CSC1;OR2T11;Q8NH01
1-PENTANETHIOL;CCCCCS;OR2T2;Q6IF00
ALPHA-DAMASCONE;C/C=C/C(=O)C1C(=CCCC1(C)C)C;OR2T34;Q8NGX1
CINNAMALDEYDE;C1=CC=C(C=C1)/C=C/C=O;OR2T34;Q8NGX1
ESTRAGOLE;COC1=CC=C(C=C1)CC=C;OR2T34;Q8NGX1
FLORALAZONE;CCC1=CC=C(C=C1)CC(C)(C)C=O;OR2T34;Q8NGX1
FRUCTONE;CCOC(=O)CC1(OCCO1)C;OR2T34;Q8NGX1
NONANEDYL DIACETATE;CCCCCCCCC(OC(=O)C)OC(=O)C;OR2T34;Q8NGX1
VANILLIN;COC1=C(C=CC(=C1)C=O)O;OR2T34;Q8NGX1
ALPHA-PINENE;CC1=CCC2CC1C2(C)C;OR2T4;Q8NH00
LILIAL;CC(CC1=CC=C(C=C1)C(C)(C)C)C=O;OR2T4;Q8NH00
UNDECANAL;CCCCCCCCCCC=O;OR2T4;Q8NH00
1-PENTANETHIOL;CCCCCS;OR2T8;A6NH00
1,1-DIMETHOXYOCTANE;CCCCCCCC(OC)OC;OR2W1;Q9Y3N9
1,3-BUTANE DITIOL;CC(CCS)S;OR2W1;Q9Y3N9
1-DECANOL;CCCCCCCCCCO;OR2W1;Q9Y3N9
1-HEPTANOL;CCCCCCCO;OR2W1;Q9Y3N9
1-HEXANOL;CCCCCCO;OR2W1;Q9Y3N9
1-NONANOL;CCCCCCCCCO;OR2W1;Q9Y3N9
1-OCTANOL;CCCCCCCCO;OR2W1;Q9Y3N9
(R)-1-OCTEN-3-OL;CCCCC[C@H](C=C)O;OR2W1;Q9Y3N9
(S)-1-OCTEN-3-OL;CCCCC[C@@H](C=C)O;OR2W1;Q9Y3N9
2,3-HEXANEDIONE;CCCC(=O)C(=O)C;OR2W1;Q9Y3N9
2,4-NONANEDIONE;CCCCCC(=O)CC(=O)C;OR2W1;Q9Y3N9
2-ETHOXYTHIAZOLE;CCOC1=NC=CS1;OR2W1;Q9Y3N9
2-HEPTANOL;CCCCCC(C)O;OR2W1;Q9Y3N9
2-HEPTANONE;CCCCCC(=O)C;OR2W1;Q9Y3N9
2-HEXANONE;CCCCC(=O)C;OR2W1;Q9Y3N9
2-METHOXY PYRAZINE;COC1=NC=CN=C1;OR2W1;Q9Y3N9
2-NONANONE;CCCCCCCC(=O)C;OR2W1;Q9Y3N9
2-OCTANONE;CCCCCCC(=O)C;OR2W1;Q9Y3N9
2-PENTYLPYRIDINE;CCCCCC1=CC=CC=N1;OR2W1;Q9Y3N9
2-PHENYLETHANETHIOL;C1=CC=C(C=C1)CCS;OR2W1;Q9Y3N9
2-PHENYLETHYL ACETATE;CC(=O)OCCC1=CC=CC=C1;OR2W1;Q9Y3N9
3,4-HEXANEDIONE;CCC(=O)C(=O)CC;OR2W1;Q9Y3N9
3-HEPTANONE;CCCCC(=O)CC;OR2W1;Q9Y3N9
3-HEXENOL;CC/C=C\CCO;OR2W1;Q9Y3N9
3-MERCAPTOHEXYL ACETATE;CCCC(CCOC(=O)C)S;OR2W1;Q9Y3N9
3-OCTANONE;CCCCCC(=O)CC;OR2W1;Q9Y3N9
3-PHENYLPROPYL PROPIONATE;CCC(=O)OCCCC1=CC=CC=C1;OR2W1;Q9Y3N9
4-CHROMANONE;C1COC2=CC=CC=C2C1=O;OR2W1;Q9Y3N9
4-HYDROXYCOUMARIN;C1=CC=C2C(=C1)C(=CC(=O)O2)O;OR2W1;Q9Y3N9
4-ISOPROPENYLTOLUENE;CC1=CC=C(C=C1)C(=C)C;OR2W1;Q9Y3N9
4-METHYLACETOPHENONE;CC1=CC=C(C=C1)C(=O)C;OR2W1;Q9Y3N9
ACETATE;CC(=O)[O-];OR2W1;Q9Y3N9
ACETOPHENONE;CC(=O)C1=CC=CC=C1;OR2W1;Q9Y3N9
ALLYL PHENYLACETATE;C=CCOC(=O)CC1=CC=CC=C1;OR2W1;Q9Y3N9
AMYL ACETATE;CCCCCOC(=O)C;OR2W1;Q9Y3N9
ANETHOLE;C/C=C/C1=CC=C(C=C1)OC;OR2W1;Q9Y3N9
BENZOPHENONE;C1=CC=C(C=C1)C(=O)C2=CC=CC=C2;OR2W1;Q9Y3N9
BENZYL ACETATE;CC(=O)OCC1=CC=CC=C1;OR2W1;Q9Y3N9
BETA-CITRONELLOL;CC(CCC=C(C)C)CCO;OR2W1;Q9Y3N9
BUTYL ANTHRANILATE;CCCCOC(=O)C1=CC=CC=C1N;OR2W1;Q9Y3N9
BUTYL BUTYRYLLACTATE;CCCCOC(=O)C(C)OC(=O)CCC;OR2W1;Q9Y3N9
BUTYL FORMATE;CCCCOC=O;OR2W1;Q9Y3N9
(-)-CARVONE;CC1=CC[C@H](CC1=O)C(=C)C;OR2W1;Q9Y3N9
(+)-CARVONE;CC1=CC[C@@H](CC1=O)C(=C)C;OR2W1;Q9Y3N9
(-)-CITRONELLOL;C[C@@H](CCC=C(C)C)CCO;OR2W1;Q9Y3N9
CINNAMALDEYDE;C1=CC=C(C=C1)/C=C/C=O;OR2W1;Q9Y3N9
CINNAMIC ACID;C1=CC=C(C=C1)C=CC(=O)O;OR2W1;Q9Y3N9
COUMARIN;C1=CC=C2C(=C1)C=CC(=O)O2;OR2W1;Q9Y3N9
(+)-DIHYDROCARVONE;C[C@@H]1CC[C@H](CC1=O)C(=C)C;OR2W1;Q9Y3N9
DECANAL;CCCCCCCCCC=O;OR2W1;Q9Y3N9
DECANOIC ACID;CCCCCCCCCC(=O)O;OR2W1;Q9Y3N9
DIFURFURYL DISULFIDE (coffee difuran);C1=COC(=C1)CSSCC2=CC=CO2;OR2W1;Q9Y3N9
DIHYDROJASMONE;CCCCCC1=C(CCC1=O)C;OR2W1;Q9Y3N9
ESTRAGOLE;COC1=CC=C(C=C1)CC=C;OR2W1;Q9Y3N9
ETHYL CYCLOHEXANECARBOXYLATE;CCOC(=O)C1CCCCC1;OR2W1;Q9Y3N9
ETHYL VANILLIN;CCOC1=C(C=CC(=C1)C=O)O;OR2W1;Q9Y3N9
EUGENOL;COC1=C(C=CC(=C1)CC=C)O;OR2W1;Q9Y3N9
EUGENOL METHYL ETHER;COC1=C(C=C(C=C1)CC=C)OC;OR2W1;Q9Y3N9
GAMMA-OCTALACTONE;CCCCC1CCC(=O)O1;OR2W1;Q9Y3N9
GERANIOL;CC(=CCCC(=CCO)C)C;OR2W1;Q9Y3N9
GERANYL ACETATE;CC(=CCC/C(=C/COC(=O)C)/C)C;OR2W1;Q9Y3N9
HELIONAL;CC(CC1=CC2=C(C=C1)OCO2)C=O;OR2W1;Q9Y3N9
HEPTANAL;CCCCCCC=O;OR2W1;Q9Y3N9
HEXANAL;CCCCCC=O;OR2W1;Q9Y3N9
HEXYL ACETATE;CCCCCCOC(=O)C;OR2W1;Q9Y3N9
ISOVALERIC ACID;CC(C)CC(=O)O;OR2W1;Q9Y3N9
LIMONENE;CC1=CCC(CC1)C(=C)C;OR2W1;Q9Y3N9
(+)-MENTHOL;C[C@H]1CC[C@@H]([C@H](C1)O)C(C)C;OR2W1;Q9Y3N9
METHYL CINNAMATE;COC(=O)/C=C/C1=CC=CC=C1;OR2W1;Q9Y3N9
METHYL FURFURYL DiSULFIDE;CSSCC1=CC=CO1;OR2W1;Q9Y3N9
METHYLTHIOMETHYLMERCAPTAN;CSCS;OR2W1;Q9Y3N9
NONANAL;CCCCCCCCC=O;OR2W1;Q9Y3N9
NONANOIC ACID;CCCCCCCCC(=O)O;OR2W1;Q9Y3N9
OCTANAL;CCCCCCCC=O;OR2W1;Q9Y3N9
OCTANETHIOL;CCCCCCCCS;OR2W1;Q9Y3N9
OCTANOIC ACID;CCCCCCCC(=O)O;OR2W1;Q9Y3N9
OCTYL OCTANOATE;CCCCCCCCOC(=O)CCCCCCC;OR2W1;Q9Y3N9
PHENYLACETATE;C1=CC=C(C=C1)CC(=O)[O-];OR2W1;Q9Y3N9
PRENYL ACETATE;CC(=CCOC(=O)C)C;OR2W1;Q9Y3N9
QUINOLINE;C1=CC=C2C(=C1)C=CC=N2;OR2W1;Q9Y3N9
TARRAGOL;CCCC1CCC(C(C1)OC)O;OR2W1;Q9Y3N9
TERPINEOL;CC1=CCC(CC1)C(C)(C)O;OR2W1;Q9Y3N9
TERPINYL ACETATE;CC1=CCC(CC1)C(C)(C)OC(=O)C;OR2W1;Q9Y3N9
TERT-NONANETHIOL;CCCCCCCCCS;OR2W1;Q9Y3N9
4-METHYLVALERIC ACID;CC(C)CCC(=O)O;OR2W3;Q7Z3T1
(-)-CARVONE;CC1=CC[C@H](CC1=O)C(=C)C;OR2Y1;Q8NGV0
HEPTYL ACETATE;CCCCCCCOC(=O)C;OR2Y1;Q8NGV0
BOURGEONAL;CC(C)(C)C1=CC=C(C=C1)CCC=O;OR3A1;P47881
CINNAMYL ACETATE;CC(=O)OC/C=C/C1=CC=CC=C1;OR3A1;P47881
CYCLAMAL;CC(C)C1=CC=C(C=C1)CC(C)C=O;OR3A1;P47881
CYCLAMEN ALDEHYDE;CC(C)C1=CC=C(C=C1)CC(C)C=O;OR3A1;P47881
DIHYDROJASMONE;CCCCCC1=C(CCC1=O)C;OR3A1;P47881
FOLIAVER;CC(CC1=CC=C(C=C1)OC)C=O;OR3A1;P47881
HELIONAL;CC(CC1=CC2=C(C=C1)OCO2)C=O;OR3A1;P47881
HYDROCYNNAMALDEHYDE;C1=CC=C(C=C1)CCC=O;OR3A1;P47881
JASMORANGE;CC1=CC=C(C=C1)CC(C)C=O;OR3A1;P47881
LILIAL;CC(CC1=CC=C(C=C1)C(C)(C)C)C=O;OR3A1;P47881
METHYL CYNNAMALDEHYDE;CC(=CC1=CC=CC=C1)C=O;OR3A1;P47881
METHYL PHENYLPENTANAL;CCCC(C)(C=O)C1=CC=CC=C1;OR3A1;P47881
TRIFERNAL;CC(CC=O)C1=CC=CC=C1;OR3A1;P47881
ANDROSTADIENONE;C[C@]12CCC(=O)C[C@@H]1CC[C@@H]3[C@@H]2CC[C@]4([C@H]3CCC4=O)C;OR3A2;P47893
EUGENOL METHYL ETHER;COC1=C(C=C(C=C1)CC=C)OC;OR4A16;Q8NH70
JASMINE OIL;C/C=C\CC1=C(CCC1)C;OR4A4;Q8NGN8
BETA-IONONE;CC1=C(C(CCC1)(C)C)/C=C/C(=O)C;OR4D10;Q8NGI6
EUGENOL ACETATE;CC(=O)OC1=C(C=C(C=C1)CC=C)OC;OR4D2;P58180
BETA-IONONE;CC1=C(C(CCC1)(C)C)/C=C/C(=O)C;OR4D6;Q8NGJ1
GALAXOLIDE;CC1COCC2=CC3=C(C=C12)C(C(C3(C)C)C)(C)C;OR4D6;Q8NGJ1
BETA-IONONE;CC1=C(C(CCC1)(C)C)/C=C/C(=O)C;OR4D9;Q8NGE8
AMYL ACETATE;CCCCCOC(=O)C;OR4E2;Q8NGC2
BUTYL ACETATE;CCCCOC(=O)C;OR4F15;Q8NGB8
ANDROSTENONE;C[C@]12CC[C@H]3[C@H]([C@@H]1CC=C2)CC[C@@H]4[C@@]3(CCC(=O)C4)C;OR4F17;Q8NGA8
1-HEPTANOL;CCCCCCCO;OR4F4;Q96R69
1-NONANOL;CCCCCCCCCO;OR4F4;Q96R69
1-OCTANOL;CCCCCCCCO;OR4F4;Q96R69
2-BROMOHEXANOIC ACID;CCCCC(C(=O)O)Br;OR4F4;Q96R69
2-BROMOOCTANOIC ACID;CCCCCCC(C(=O)O)Br;OR4F4;Q96R69
HEPTANOIC ACID;CCCCCCC(=O)O;OR4F4;Q96R69
HEXANOIC ACID;CCCCCC(=O)O;OR4F4;Q96R69
NONANOIC ACID;CCCCCCCCC(=O)O;OR4F4;Q96R69
OCTANOIC ACID;CCCCCCCC(=O)O;OR4F4;Q96R69
DIALLYL SULFIDE;C=CCSCC=C;OR4K15;Q8NH41
JASMINE OIL;C/C=C\CC1=C(CCC1)C;OR4N4;Q8N0Y3
BUTYL ANTHRANILATE;CCCCOC(=O)C1=CC=CC=C1N;OR4Q3;Q8NH05
DIFURFURYL DISULFIDE (coffee difuran);C1=COC(=C1)CSSCC2=CC=CO2;OR4Q3;Q8NH05
EUGENOL;COC1=C(C=CC(=C1)CC=C)O;OR4Q3;Q8NH05
GERANYL ACETATE;CC(=CCC/C(=C/COC(=O)C)/C)C;OR4Q3;Q8NH05
JASMINE OIL;C/C=C\CC1=C(CCC1)C;OR4X2;Q8NGF9
BUTYRIC ACID;CCCC(=O)O;OR51A2;Q8NGJ7
CITRAL;CC(=CCC/C(=C/C=O)/C)C;OR51A4;Q8NGJ6
2,3-BUTANEDIONE;CC(=O)C(=O)C;OR51B4;Q9Y5P0
2,3-BUTANEDIONE;CC(=O)C(=O)C;OR51B5;Q9H339
FARNESOL;CC(=CCC/C(=C/CC/C(=C/CO)/C)/C)C;OR51B5;Q9H339
GAMMA-DECALACTONE;CCCCCCC1CCC(=O)O1;OR51B5;Q9H339
ISONONYL ALCOHOL;CC(C)CCCCCCO;OR51B5;Q9H339
BUTYRIC ACID;CCCC(=O)O;OR51B6;Q9H340
GAMMA-DECALACTONE;CCCCCCC1CCC(=O)O1;OR51B6;Q9H340
BUTYRIC ACID;CCCC(=O)O;OR51D1;Q8NGF3
GAMMA-DECALACTONE;CCCCCCC1CCC(=O)O1;OR51D1;Q8NGF3
1-PENTANOL;CCCCCO;OR51E1;Q8TCB6
2-ETHYLHEXANOIC ACID;CCCCC(CC)C(=O)O;OR51E1;Q8TCB6
2-METHYLVALERIC ACID;CCCC(C)C(=O)O;OR51E1;Q8TCB6
3-METHYLVALERIC ACID;CCC(C)CC(=O)O;OR51E1;Q8TCB6
4-METHYLVALERIC ACID;CC(C)CCC(=O)O;OR51E1;Q8TCB6
BUTYL BUTYRYLLACTATE;CCCCOC(=O)C(C)OC(=O)CCC;OR51E1;Q8TCB6
BUTYRIC ACID;CCCC(=O)O;OR51E1;Q8TCB6
DECANOIC ACID;CCCCCCCCCC(=O)O;OR51E1;Q8TCB6
EUGENOL ACETATE;CC(=O)OC1=C(C=C(C=C1)CC=C)OC;OR51E1;Q8TCB6
EUGENOL METHYL ETHER;COC1=C(C=C(C=C1)CC=C)OC;OR51E1;Q8TCB6
GAMMA-DECALACTONE;CCCCCCC1CCC(=O)O1;OR51E1;Q8TCB6
ISOVALERIC ACID;CC(C)CC(=O)O;OR51E1;Q8TCB6
(+)-MENTHOL;C[C@H]1CC[C@@H]([C@H](C1)O)C(C)C;OR51E1;Q8TCB6
METHYL FURFURYL DiSULFIDE;CSSCC1=CC=CO1;OR51E1;Q8TCB6
METHYL SALICYLATE;COC(=O)C1=CC=CC=C1O;OR51E1;Q8TCB6
NONANOIC ACID;CCCCCCCCC(=O)O;OR51E1;Q8TCB6
PRENYL ACETATE;CC(=CCOC(=O)C)C;OR51E1;Q8TCB6
PROPIONALDEHYDE;CCC=O;OR51E1;Q8TCB6
PYRAZINE;C1=CN=CC=N1;OR51E1;Q8TCB6
ACETATE;CC(=O)[O-];OR51E2;Q9H255
ANDROSTA-1,4,6-TRIENE-3,17-DIONE;C[C@]12CC[C@H]3[C@H]([C@@H]1CCC2=O)C=CC4=CC(=O)C=C[C@]34C;OR51E2;Q9H255
BETA-IONONE;CC1=C(C(CCC1)(C)C)/C=C/C(=O)C;OR51E2;Q9H255
BUTYRIC ACID;CCCC(=O)O;OR51E2;Q9H255
GAMMA-DECALACTONE;CCCCCCC1CCC(=O)O1;OR51E2;Q9H255
PROPIONATE;CCC(=O)[O-];OR51E2;Q9H255
PROPIONIC ACID;CCC(=O)O;OR51E2;Q9H255
BUTYRIC ACID;CCCC(=O)O;OR51F2;Q8NH61
GAMMA-DECALACTONE;CCCCCCC1CCC(=O)O1;OR51G1;Q8NGK1
2,3-BUTANEDIONE;CC(=O)C(=O)C;OR51I1;Q9H343
BUTYRIC ACID;CCCC(=O)O;OR51I1;Q9H343
GAMMA-DECALACTONE;CCCCCCC1CCC(=O)O1;OR51I1;Q9H343
BUTYRIC ACID;CCCC(=O)O;OR51I2;Q9H343
GAMMA-DECALACTONE;CCCCCCC1CCC(=O)O1;OR51I2;Q9H343
2,3-BUTANEDIONE;CC(=O)C(=O)C;OR51J1;Q9H342
GAMMA-DECALACTONE;CCCCCCC1CCC(=O)O1;OR51J1;Q9H342
BUTYRIC ACID;CCCC(=O)O;OR51J2;Q9H342
2,3-BUTANEDIONE;CC(=O)C(=O)C;OR51L1;Q8NGJ5
ALLYL PHENYLACETATE;C=CCOC(=O)CC1=CC=CC=C1;OR51L1;Q8NGJ5
ANDROSTADIENONE;C[C@]12CCC(=O)C[C@@H]1CC[C@@H]3[C@@H]2CC[C@]4([C@H]3CCC4=O)C;OR51L1;Q8NGJ5
HEXANOIC ACID;CCCCCC(=O)O;OR51L1;Q8NGJ5
BUTYRIC ACID;CCCC(=O)O;OR51M1;Q9H341
GAMMA-DECALACTONE;CCCCCCC1CCC(=O)O1;OR51M1;Q9H341
BUTYRIC ACID;CCCC(=O)O;OR51Q1;Q8NH59
GAMMA-DECALACTONE;CCCCCCC1CCC(=O)O1;OR51Q1;Q8NH59
BUTYRIC ACID;CCCC(=O)O;OR51S1;Q8NGJ8
GAMMA-DECALACTONE;CCCCCCC1CCC(=O)O1;OR51S1;Q8NGJ8
BUTYRIC ACID;CCCC(=O)O;OR51T1;Q8NGJ9
GAMMA-DECALACTONE;CCCCCCC1CCC(=O)O1;OR51T1;Q8NGJ9
BUTYRIC ACID;CCCC(=O)O;OR52A1;Q9UKL2
GAMMA-DECALACTONE;CCCCCCC1CCC(=O)O1;OR52A1;Q9UKL2
NONANAL;CCCCCCCCC=O;OR52A1;Q9UKL2
GAMMA-DECALACTONE;CCCCCCC1CCC(=O)O1;OR52A4;A6NMU1
OCTANAL;CCCCCCCC=O;OR52A4;A6NMU1
GAMMA-DECALACTONE;CCCCCCC1CCC(=O)O1;OR52A5;Q9H2C5
CITRAL;CC(=CCC/C(=C/C=O)/C)C;OR52B2;Q96RD2
GAMMA-DECALACTONE;CCCCCCC1CCC(=O)O1;OR52B2;Q96RD2
2,3-BUTANEDIONE;CC(=O)C(=O)C;OR52B4;Q8NGK2
GAMMA-DECALACTONE;CCCCCCC1CCC(=O)O1;OR52B4;Q8NGK2
1-NONANOL;CCCCCCCCCO;OR52D1;Q9H346
2-DECANONE;CCCCCCCCC(=O)C;OR52D1;Q9H346
2-ISOBUTYL-3-METHOXYPYRAZINE;CC(C)CC1=NC=CN=C1OC;OR52D1;Q9H346
2-NONANOL;CCCCCCCC(C)O;OR52D1;Q9H346
3-NONANONE;CCCCCCC(=O)CC;OR52D1;Q9H346
3-OCTANONE;CCCCCC(=O)CC;OR52D1;Q9H346
6-METHYL-5-HEPTEN-2-ONE;CC(=CCCC(=O)C)C;OR52D1;Q9H346
ACETOIN;CC(C(=O)C)O;OR52D1;Q9H346
ACETOPHENONE;CC(=O)C1=CC=CC=C1;OR52D1;Q9H346
ANETHOLE;C/C=C/C1=CC=C(C=C1)OC;OR52D1;Q9H346
ANISALDEHYDE;COC1=CC=C(C=C1)C=O;OR52D1;Q9H346
ANISOLE;COC1=CC=CC=C1;OR52D1;Q9H346
BENZALDEHYDE;C1=CC=C(C=C1)C=O;OR52D1;Q9H346
BENZOTHIAZOLE;C1=CC=C2C(=C1)N=CS2;OR52D1;Q9H346
BENZYL ALCOHOL;C1=CC=C(C=C1)CO;OR52D1;Q9H346
BETA-IONONE;CC1=C(C(CCC1)(C)C)/C=C/C(=O)C;OR52D1;Q9H346
BUTYR BUTYRATE;CCCCOC(=O)CCC;OR52D1;Q9H346
BUTYRIC ACID;CCCC(=O)O;OR52D1;Q9H346
CINNAMALDEYDE;C1=CC=C(C=C1)/C=C/C=O;OR52D1;Q9H346
CINNAMALDEYDE;C1=CC=C(C=C1)/C=C/C=O;OR52D1;Q9H346
CITRAL;CC(=CCC/C(=C/C=O)/C)C;OR52D1;Q9H346
CITRALVA;CC(=CCC/C(=C/C#N)/C)C;OR52D1;Q9H346
CYCLOOCTANONE;C1CCCC(=O)CCC1;OR52D1;Q9H346
ESTRAGOLE;COC1=CC=C(C=C1)CC=C;OR52D1;Q9H346
ETHYL BUTYRATE;CCCC(=O)OCC;OR52D1;Q9H346
ETHYL HEPTANOATE;CCCCCCC(=O)OCC;OR52D1;Q9H346
ETHYL HEXANOATE;CCCCCC(=O)OCC;OR52D1;Q9H346
GAMMA-DECALACTONE;CCCCCCC1CCC(=O)O1;OR52D1;Q9H346
HELIONAL;CC(CC1=CC2=C(C=C1)OCO2)C=O;OR52D1;Q9H346
HEPTANOIC ACID;CCCCCCC(=O)O;OR52D1;Q9H346
ISOAMYL ACETATE;CC(C)CCOC(=O)C;OR52D1;Q9H346
ISOBUTYRIC ACID;CC(C)C(=O)O;OR52D1;Q9H346
ISOVALERIC ACID;CC(C)CC(=O)O;OR52D1;Q9H346
METHYL HEPTANOATE;CCCCCCC(=O)OC;OR52D1;Q9H346
METHYL OCTANOATE;CCCCCCCC(=O)OC;OR52D1;Q9H346
NONANAL;CCCCCCCCC=O;OR52D1;Q9H346
NONANOIC ACID;CCCCCCCCC(=O)O;OR52D1;Q9H346
OCTANAL;CCCCCCCC=O;OR52D1;Q9H346
OCTOPAMINE;C1=CC(=CC=C1C(CN)O)O;OR52D1;Q9H346
PROPIONIC ACID;CCC(=O)O;OR52D1;Q9H346
SAFROLE;C=CCC1=CC2=C(C=C1)OCO2;OR52D1;Q9H346
THIAZOLE;C1=CSC=N1;OR52D1;Q9H346
2,3-BUTANEDIONE;CC(=O)C(=O)C;OR52E4;Q8NGH9
BUTYRIC ACID;CCCC(=O)O;OR52E4;Q8NGH9
GAMMA-DECALACTONE;CCCCCCC1CCC(=O)O1;OR52E4;Q8NGH9
GAMMA-DECALACTONE;CCCCCCC1CCC(=O)O1;OR52E6;Q96RD3
2,3-BUTANEDIONE;CC(=O)C(=O)C;OR52H1;Q8NGJ2
BUTYRIC ACID;CCCC(=O)O;OR52H1;Q8NGJ2
GAMMA-DECALACTONE;CCCCCCC1CCC(=O)O1;OR52H1;Q8NGJ2
2,3-BUTANEDIONE;CC(=O)C(=O)C;OR52I1;Q8NGK6
BUTYRIC ACID;CCCC(=O)O;OR52I1;Q8NGK6
GAMMA-DECALACTONE;CCCCCCC1CCC(=O)O1;OR52I1;Q8NGK6
BUTYRIC ACID;CCCC(=O)O;OR52I2;Q8NH67
GAMMA-DECALACTONE;CCCCCCC1CCC(=O)O1;OR52I2;Q8NH67
2,3-BUTANEDIONE;CC(=O)C(=O)C;OR52J3;Q8NH60
BUTYRIC ACID;CCCC(=O)O;OR52J3;Q8NH60
BUTYRIC ACID;CCCC(=O)O;OR52K1;Q8NGK4
GAMMA-DECALACTONE;CCCCCCC1CCC(=O)O1;OR52K1;Q8NGK4
BUTYRIC ACID;CCCC(=O)O;OR52K2;Q8NGK3
GAMMA-DECALACTONE;CCCCCCC1CCC(=O)O1;OR52K2;Q8NGK3
BUTYRIC ACID;CCCC(=O)O;OR52L1;Q8NGH7
GAMMA-DECALACTONE;CCCCCCC1CCC(=O)O1;OR52L1;Q8NGH7
BUTYRIC ACID;CCCC(=O)O;OR52M1;Q8NGK5
GAMMA-DECALACTONE;CCCCCCC1CCC(=O)O1;OR52M1;Q8NGK5
BUTYRIC ACID;CCCC(=O)O;OR52N2;Q8NGI0
GAMMA-DECALACTONE;CCCCCCC1CCC(=O)O1;OR52N2;Q8NGI0
BUTYRIC ACID;CCCC(=O)O;OR52N5;Q8NH56
GAMMA-DECALACTONE;CCCCCCC1CCC(=O)O1;OR52N5;Q8NH56
BUTYRIC ACID;CCCC(=O)O;OR52R1;Q8NGF1
GAMMA-DECALACTONE;CCCCCCC1CCC(=O)O1;OR52R1;Q8NGF1
2,3-BUTANEDIONE;CC(=O)C(=O)C;OR52W1;Q6IF63
BUTYRIC ACID;CCCC(=O)O;OR52W1;Q6IF63
GAMMA-DECALACTONE;CCCCCCC1CCC(=O)O1;OR52W1;Q6IF63
DECANAL;CCCCCCCCCC=O;OR56A1;Q8NGH5
GAMMA-DECALACTONE;CCCCCCC1CCC(=O)O1;OR56A1;Q8NGH5
ISOVALERIC ACID;CC(C)CC(=O)O;OR56A1;Q8NGH5
2,3-BUTANEDIONE;CC(=O)C(=O)C;OR56A3;Q8NH54
BUTYRIC ACID;CCCC(=O)O;OR56A3;Q8NH54
BUTYRIC ACID;CCCC(=O)O;OR56A4;Q8NGH8
DECANAL;CCCCCCCCCC=O;OR56A4;Q8NGH8
GAMMA-DECALACTONE;CCCCCCC1CCC(=O)O1;OR56A4;Q8NGH8
ISOBUTYRIC ACID;CC(C)C(=O)O;OR56A4;Q8NGH8
ISOVALERIC ACID;CC(C)CC(=O)O;OR56A4;Q8NGH8
UNDECANAL;CCCCCCCCCCC=O;OR56A4;Q8NGH8
DECANAL;CCCCCCCCCC=O;OR56A5;P0C7T3
2,3-BUTANEDIONE;CC(=O)C(=O)C;OR56B1;Q8NGI3
BUTYRIC ACID;CCCC(=O)O;OR56B1;Q8NGI3
GAMMA-DECALACTONE;CCCCCCC1CCC(=O)O1;OR56B1;Q8NGI3
BUTYRIC ACID;CCCC(=O)O;OR56B4;Q8NH76
GAMMA-DECALACTONE;CCCCCCC1CCC(=O)O1;OR56B4;Q8NH76
BETA-IONONE;CC1=C(C(CCC1)(C)C)/C=C/C(=O)C;OR5A1;Q8NGJ0
BETA-IONONE;CC1=C(C(CCC1)(C)C)/C=C/C(=O)C;OR5A2;Q8NGI9
GALAXOLIDE;CC1COCC2=CC3=C(C=C12)C(C(C3(C)C)C)(C)C;OR5A2;Q8NGI9
ALPHA-DAMASCONE;C/C=C/C(=O)C1C(=CCCC1(C)C)C;OR5AC2;Q9NZP5
ETHYL-2-METHYLPENTANOATE;CCCC(C)C(=O)OCC;OR5AC2;Q9NZP5
EUGENOL ACETATE;CC(=O)OC1=C(C=C(C=C1)CC=C)OC;OR5AC2;Q9NZP5
FRUCTONE;CCOC(=O)CC1(OCCO1)C;OR5AC2;Q9NZP5
MALTYL ISOBUTYRATE;CC1=C(C(=O)C=CO1)OC(=O)C(C)C;OR5AC2;Q9NZP5
VANILLIN;COC1=C(C=CC(=C1)C=O)O;OR5AC2;Q9NZP5
BUTYRIC ACID;CCCC(=O)O;OR5AL1;P0C617
CYCLOPENTADECANOLIDE;C1CCCCCCCOC(=O)CCCCCC1;OR5AN1;Q8NGI8
CYCLOPENTADECANONE;C1CCCCCCCC(=O)CCCCCC1;OR5AN1;Q8NGI8
MUSCONE;CC1CCCCCCCCCCCCC(=O)C1;OR5AN1;Q8NGI8
EUGENOL ACETATE;CC(=O)OC1=C(C=C(C=C1)CC=C)OC;OR5B17;Q8NGF7
FLORALAZONE;CCC1=CC=C(C=C1)CC(C)(C)C=O;OR5B17;Q8NGF7
CITRAL;CC(=CCC/C(=C/C=O)/C)C;OR5C1;Q8NGR4
BUTYRIC ACID;CCCC(=O)O;OR5D14;Q8NGL3
1-HEPTANOL;CCCCCCCO;OR5H2;Q8NGV7
1-HEXANOL;CCCCCCO;OR5H2;Q8NGV7
1-PENTANOL;CCCCCO;OR5H2;Q8NGV7
2-HEPTANONE;CCCCCC(=O)C;OR5K1;Q8NHB7
ACETOPHENONE;CC(=O)C1=CC=CC=C1;OR5K1;Q8NHB7
BENZENE;C1=CC=CC=C1;OR5K1;Q8NHB7
BETA-DAMASCONE;C/C=C/C(=O)C1=C(CCCC1(C)C)C;OR5K1;Q8NHB7
CITRAL;CC(=CCC/C(=C/C=O)/C)C;OR5K1;Q8NHB7
COUMARIN;C1=CC=C2C(=C1)C=CC(=O)O2;OR5K1;Q8NHB7
EUGENOL;COC1=C(C=CC(=C1)CC=C)O;OR5K1;Q8NHB7
EUGENOL METHYL ETHER;COC1=C(C=C(C=C1)CC=C)OC;OR5K1;Q8NHB7
LIMONENE;CC1=CCC(CC1)C(=C)C;OR5K1;Q8NHB7
LYRAL;CC(C)(CCCC1=CCC(CC1)C=O)O;OR5K1;Q8NHB7
NONANAL;CCCCCCCCC=O;OR5K1;Q8NHB7
PROPIONALDEHYDE;CCC=O;OR5K1;Q8NHB7
QUININE;COC1=CC2=C(C=CN=C2C=C1)[C@H]([C@@H]3C[C@@H]4CCN3C[C@@H]4C=C)O;OR5K1;Q8NHB7
TMT;CC1C(=NC(S1)C)C;OR5K1;Q8NHB7
PHENYL ACETALDEHYDE;C1=CC=C(C=C1)CC=O;OR5L1;Q8NGL2
FURANEOL;CC1C(=O)C(=C(O1)C)O;OR5M3;Q8NGP4
HOMOFURANEOL;CCC1C(=O)C(=C(O1)C)O;OR5M3;Q8NGP4
1-HEPTANOL;CCCCCCCO;OR5P3;Q8WZ94
1-HEXANOL;CCCCCCO;OR5P3;Q8WZ94
4-HYDROXYCOUMARIN;C1=CC=C2C(=C1)C(=CC(=O)O2)O;OR5P3;Q8WZ94
ACETOPHENONE;CC(=O)C1=CC=CC=C1;OR5P3;Q8WZ94
ACETOPHENONE;CC(=O)C1=CC=CC=C1;OR5P3;Q8WZ94
(-)-CARVONE;CC1=CC[C@H](CC1=O)C(=C)C;OR5P3;Q8WZ94
(+)-CARVONE;CC1=CC[C@@H](CC1=O)C(=C)C;OR5P3;Q8WZ94
COUMARIN;C1=CC=C2C(=C1)C=CC(=O)O2;OR5P3;Q8WZ94
EUGENOL;COC1=C(C=CC(=C1)CC=C)O;OR5P3;Q8WZ94
QUINOLINE;C1=CC=C2C(=C1)C=CC=N2;OR5P3;Q8WZ94
4-CHROMANONE;C1COC2=CC=CC=C2C1=O;OR5R1;Q8NH85
ACETOPHENONE;CC(=O)C1=CC=CC=C1;OR5R1;Q8NH85
(-)-CARVONE;CC1=CC[C@H](CC1=O)C(=C)C;OR5R1;Q8NH85
COUMARIN;C1=CC=C2C(=C1)C=CC(=O)O2;OR5R1;Q8NH85
(-)-MENTHOL;C[C@@H]1CC[C@H]([C@@H](C1)O)C(C)C;OR5W2;Q8NH69
EUCALYPTOL;CC1(C2CCC(O1)(CC2)C)C;OR6A2;O95222
EUGENOL;COC1=C(C=CC(=C1)CC=C)O;OR6B1;O95007
ISOEUGENOL;C/C=C/C1=CC(=C(C=C1)O)OC;OR6B1;O95007
ISOBUTYRALDEHYDE;CC(C)C=O;OR6B2;Q6IFH4
HEPTYL ACETATE;CCCCCCCOC(=O)C;OR6C1;Q96RD1
ANISALDEHYDE;COC1=CC=C(C=C1)C=O;OR6P1;Q8NGX9
PHENYL ACETALDEHYDE;C1=CC=C(C=C1)CC=O;OR6P1;Q8NGX9
(-)-CARVONE;CC1=CC[C@H](CC1=O)C(=C)C;OR6X1;Q8NH79
2,3-BUTANEDIONE;CC(=O)C(=O)C;OR6Y1;Q8NGX8
2-BUTANONE;CCC(=O)C;OR6Y1;Q8NGX8
1-HEPTANOL;CCCCCCCO;OR7A5;Q15622
1-NONANOL;CCCCCCCCCO;OR7A5;Q15622
1-OCTANOL;CCCCCCCCO;OR7A5;Q15622
2-BROMOHEXANOIC ACID;CCCCC(C(=O)O)Br;OR7A5;Q15622
2-BROMOOCTANOIC ACID;CCCCCCC(C(=O)O)Br;OR7A5;Q15622
HEPTANOIC ACID;CCCCCCC(=O)O;OR7A5;Q15622
HEXANOIC ACID;CCCCCC(=O)O;OR7A5;Q15622
NONANOIC ACID;CCCCCCCCC(=O)O;OR7A5;Q15622
OCTANOIC ACID;CCCCCCCC(=O)O;OR7A5;Q15622
ANDROSTADIENONE;C[C@]12CCC(=O)C[C@@H]1CC[C@@H]3[C@@H]2CC[C@]4([C@H]3CCC4=O)C;OR7C1;O76099
ANDROSTENONE;C[C@]12CC[C@H]3[C@H]([C@@H]1CC=C2)CC[C@@H]4[C@@]3(CCC(=O)C4)C;OR7C1;O76099
ANDROSTADIENONE;C[C@]12CCC(=O)C[C@@H]1CC[C@@H]3[C@@H]2CC[C@]4([C@H]3CCC4=O)C;OR7D4;Q8NG98
ANDROSTENONE;C[C@]12CC[C@H]3[C@H]([C@@H]1CC=C2)CC[C@@H]4[C@@]3(CCC(=O)C4)C;OR7D4;Q8NG98
1-HEPTANOL;CCCCCCCO;OR7G2;Q8NG99
1-NONANOL;CCCCCCCCCO;OR7G2;Q8NG99
1-OCTANOL;CCCCCCCCO;OR7G2;Q8NG99
2-BROMOHEXANOIC ACID;CCCCC(C(=O)O)Br;OR7G2;Q8NG99
2-BROMOOCTANOIC ACID;CCCCCCC(C(=O)O)Br;OR7G2;Q8NG99
HEPTANOIC ACID;CCCCCCC(=O)O;OR7G2;Q8NG99
HEXANOIC ACID;CCCCCC(=O)O;OR7G2;Q8NG99
NONANOIC ACID;CCCCCCCCC(=O)O;OR7G2;Q8NG99
OCTANOIC ACID;CCCCCCCC(=O)O;OR7G2;Q8NG99
4-CHROMANONE;C1COC2=CC=CC=C2C1=O;OR8B2;Q96RD0
(+)-CARVONE;CC1=CC[C@@H](CC1=O)C(=C)C;OR8B3;Q8NGG8
ABHEXONE;CCC1C(=C(C(=O)O1)O)C;OR8D1;Q8WZ84
CAMPHOR;CC1(C2CCC1(C(=O)C2)C)C;OR8D1;Q8WZ84
CARAMEL FURANONE;CC1C(=C(C(=O)O1)O)C;OR8D1;Q8WZ84
SANDALWOOD;CC(=CCC[C@@]1([C@H]2CC[C@H](C2)C1=C)C)CO.CC(=CCC[C@@]1(C2C[C@@H]3C1(C3C2)C)C)CO;OR8D1;Q8WZ84
TARRAGOL;CCCC1CCC(C(C1)OC)O;OR8D1;Q8WZ84
GUAIACOL;COC1=CC=CC=C1O;OR8D4;Q8NGM9
ISOEUGENOL;C/C=C/C1=CC(=C(C=C1)O)OC;OR8D4;Q8NGM9
DAMASCENONE;C/C=C/C(=O)C1=C(C=CCC1(C)C)C;OR8K3;Q8NH51
(+)-MENTHOL;C[C@H]1CC[C@@H]([C@H](C1)O)C(C)C;OR8K3;Q8NH51
(-)-CARVONE;CC1=CC[C@H](CC1=O)C(=C)C;OR8K5;Q8NH50
CINNAMALDEYDE;C1=CC=C(C=C1)/C=C/C=O;OR9G1;Q8NH87
EUGENOL ACETATE;CC(=O)OC1=C(C=C(C=C1)CC=C)OC;OR9G1;Q8NH87
